C,2,35643,OPTIDX,NIFTY,1386426600,2320000,PE
C,2,35645,OPTIDX,NIFTY,1386426600,2325000,PE
C,2,36690,FUTSTK,021NSETEST,1795876200,0,XX
C,2,37108,OPTIDX,NIFTY,1386426600,1615000,PE
C,2,37266,OPTIDX,NIFTY,1386426600,1620000,PE
C,2,38295,OPTIDX,NIFTY,1386426600,1625000,PE
C,2,38463,OPTIDX,NIFTY,1386426600,2250000,PE
C,2,38467,OPTIDX,NIFTY,1386426600,2255000,PE
C,2,38521,OPTIDX,NIFTY,1386426600,1630000,PE
C,2,39292,OPTIDX,NIFTY,1386426600,1635000,PE
C,2,40189,OPTIDX,NIFTY,1386426600,1640000,PE
C,2,40196,OPTIDX,NIFTY,1386426600,1645000,PE
C,2,40453,OPTIDX,NIFTY,1386426600,1650000,PE
C,2,40455,OPTIDX,NIFTY,1386426600,1655000,PE
C,2,40457,OPTIDX,NIFTY,1386426600,1660000,PE
C,2,41188,OPTIDX,NIFTY,1386426600,2275000,PE
C,2,41727,OPTIDX,NIFTY,1386426600,2330000,PE
C,2,41731,OPTIDX,NIFTY,1386426600,1665000,PE
C,2,41735,OPTIDX,NIFTY,1386426600,1670000,PE
C,2,41741,OPTIDX,NIFTY,1386426600,2335000,PE
C,2,41745,OPTIDX,NIFTY,1386426600,2340000,PE
C,2,41746,OPTIDX,NIFTY,1386426600,1675000,PE
C,2,41754,OPTIDX,NIFTY,1386426600,2345000,PE
C,2,41759,OPTIDX,NIFTY,1386426600,2350000,PE
C,2,41762,OPTIDX,NIFTY,1386426600,2355000,PE
C,2,41787,OPTIDX,NIFTY,1386426600,2360000,PE
C,2,41796,OPTIDX,NIFTY,1386426600,2365000,PE
C,2,41800,OPTIDX,NIFTY,1386426600,2370000,PE
C,2,41869,OPTIDX,NIFTY,1386426600,1680000,PE
C,2,42469,OPTIDX,NIFTY,1386426600,2295000,PE
C,2,42471,OPTIDX,NIFTY,1386426600,2300000,PE
C,2,42473,OPTIDX,NIFTY,1386426600,2305000,PE
C,2,42477,OPTIDX,NIFTY,1386426600,2310000,PE
C,2,42950,OPTIDX,NIFTY,1386426600,1685000,PE
C,2,42953,OPTIDX,NIFTY,1386426600,1690000,PE
C,2,42955,OPTIDX,NIFTY,1386426600,1695000,PE
C,2,42959,OPTIDX,NIFTY,1386426600,1700000,PE
C,2,42963,OPTIDX,NIFTY,1386426600,1705000,PE
C,2,42966,OPTIDX,NIFTY,1386426600,1710000,PE
C,2,42980,OPTIDX,NIFTY,1386426600,1715000,PE
C,2,42987,OPTIDX,NIFTY,1386426600,1720000,PE
C,2,42989,OPTIDX,NIFTY,1386426600,1725000,PE
C,2,43000,OPTIDX,NIFTY,1386426600,1730000,PE
C,2,43002,OPTIDX,NIFTY,1386426600,1735000,PE
C,2,43005,OPTIDX,NIFTY,1386426600,1740000,PE
C,2,43007,OPTIDX,NIFTY,1386426600,1745000,PE
C,2,43009,OPTIDX,NIFTY,1386426600,1750000,PE
C,2,43011,OPTIDX,NIFTY,1386426600,1755000,PE
C,2,43013,OPTIDX,NIFTY,1386426600,1760000,PE
C,2,43016,OPTIDX,NIFTY,1386426600,1765000,PE
C,2,43019,OPTIDX,NIFTY,1386426600,1770000,PE
C,2,43022,OPTIDX,NIFTY,1386426600,1775000,PE
C,2,43024,OPTIDX,NIFTY,1386426600,1780000,PE
C,2,43028,OPTIDX,NIFTY,1386426600,1785000,PE
C,2,43031,OPTIDX,NIFTY,1386426600,1790000,PE
C,2,43033,OPTIDX,NIFTY,1386426600,1795000,PE
C,2,43035,OPTIDX,NIFTY,1386426600,1800000,PE
C,2,43038,OPTIDX,NIFTY,1386426600,1805000,PE
C,2,43048,OPTIDX,NIFTY,1386426600,1810000,PE
C,2,43050,OPTIDX,NIFTY,1386426600,1815000,PE
C,2,43055,OPTIDX,NIFTY,1386426600,1820000,PE
C,2,43057,OPTIDX,NIFTY,1386426600,1825000,PE
C,2,43060,OPTIDX,NIFTY,1386426600,1830000,PE
C,2,43064,OPTIDX,NIFTY,1386426600,1835000,PE
C,2,43066,OPTIDX,NIFTY,1386426600,1840000,PE
C,2,43071,OPTIDX,NIFTY,1386426600,1845000,PE
C,2,43077,OPTIDX,NIFTY,1386426600,1850000,PE
C,2,43079,OPTIDX,NIFTY,1386426600,1855000,PE
C,2,43084,OPTIDX,NIFTY,1386426600,1860000,PE
C,2,43087,OPTIDX,NIFTY,1386426600,1865000,PE
C,2,43089,OPTIDX,NIFTY,1386426600,1870000,PE
C,2,43091,OPTIDX,NIFTY,1386426600,1875000,PE
C,2,43093,OPTIDX,NIFTY,1386426600,1880000,PE
C,2,43095,OPTIDX,NIFTY,1386426600,1885000,PE
C,2,43099,OPTIDX,NIFTY,1386426600,1890000,PE
C,2,43102,OPTIDX,NIFTY,1386426600,1895000,PE
C,2,43105,OPTIDX,NIFTY,1386426600,1900000,PE
C,2,43107,OPTIDX,NIFTY,1386426600,1905000,PE
C,2,43109,OPTIDX,NIFTY,1386426600,1910000,PE
C,2,43111,OPTIDX,NIFTY,1386426600,1915000,PE
C,2,43113,OPTIDX,NIFTY,1386426600,1920000,PE
C,2,43115,OPTIDX,NIFTY,1386426600,1925000,PE
C,2,43117,OPTIDX,NIFTY,1386426600,1930000,PE
C,2,43119,OPTIDX,NIFTY,1386426600,1935000,PE
C,2,43121,OPTIDX,NIFTY,1386426600,1940000,PE
C,2,43123,OPTIDX,NIFTY,1386426600,1945000,PE
C,2,43125,OPTIDX,NIFTY,1386426600,1950000,PE
C,2,43127,OPTIDX,NIFTY,1386426600,1955000,PE
C,2,43129,OPTIDX,NIFTY,1386426600,1960000,PE
C,2,43131,OPTIDX,NIFTY,1386426600,1965000,PE
C,2,43133,OPTIDX,NIFTY,1386426600,1970000,PE
C,2,43135,OPTIDX,NIFTY,1386426600,1975000,PE
C,2,43137,OPTIDX,NIFTY,1386426600,1980000,PE
C,2,43139,OPTIDX,NIFTY,1386426600,1985000,PE
C,2,43141,OPTIDX,NIFTY,1386426600,1990000,PE
C,2,43143,OPTIDX,NIFTY,1386426600,1995000,PE
C,2,43145,OPTIDX,NIFTY,1386426600,2000000,PE
C,2,43147,OPTIDX,NIFTY,1386426600,2005000,PE
C,2,43153,OPTIDX,NIFTY,1386426600,2010000,PE
C,2,43169,OPTIDX,NIFTY,1386426600,2015000,PE
C,2,43172,OPTIDX,NIFTY,1386426600,2020000,PE
C,2,43174,OPTIDX,NIFTY,1386426600,2025000,PE
C,2,43178,OPTIDX,NIFTY,1386426600,2030000,PE
C,2,43184,OPTIDX,NIFTY,1386426600,2035000,PE
C,2,43192,OPTIDX,NIFTY,1386426600,2040000,PE
C,2,43194,OPTIDX,NIFTY,1386426600,2045000,PE
C,2,43203,OPTIDX,NIFTY,1386426600,2050000,PE
C,2,43205,OPTIDX,NIFTY,1386426600,2055000,PE
C,2,43207,OPTIDX,NIFTY,1386426600,2060000,PE
C,2,43213,OPTIDX,NIFTY,1386426600,2065000,PE
C,2,43218,OPTIDX,NIFTY,1386426600,2070000,PE
C,2,43221,OPTIDX,NIFTY,1386426600,2075000,PE
C,2,43227,OPTIDX,NIFTY,1386426600,2080000,PE
C,2,43229,OPTIDX,NIFTY,1386426600,2085000,PE
C,2,43232,OPTIDX,NIFTY,1386426600,2090000,PE
C,2,43234,OPTIDX,NIFTY,1386426600,2095000,PE
C,2,43236,OPTIDX,NIFTY,1386426600,2100000,PE
C,2,43241,OPTIDX,NIFTY,1386426600,2105000,PE
C,2,43243,OPTIDX,NIFTY,1386426600,2110000,PE
C,2,43245,OPTIDX,NIFTY,1386426600,2115000,PE
C,2,43247,OPTIDX,NIFTY,1386426600,2120000,PE
C,2,43250,OPTIDX,NIFTY,1386426600,2125000,PE
C,2,43252,OPTIDX,NIFTY,1386426600,2130000,PE
C,2,43254,OPTIDX,NIFTY,1386426600,2135000,PE
C,2,43256,OPTIDX,NIFTY,1386426600,2140000,PE
C,2,43258,OPTIDX,NIFTY,1386426600,2145000,PE
C,2,43268,OPTIDX,NIFTY,1386426600,2150000,PE
C,2,43270,OPTIDX,NIFTY,1386426600,2155000,PE
C,2,43272,OPTIDX,NIFTY,1386426600,2160000,PE
C,2,43279,OPTIDX,NIFTY,1386426600,2165000,PE
C,2,43281,OPTIDX,NIFTY,1386426600,2170000,PE
C,2,43283,OPTIDX,NIFTY,1386426600,2175000,PE
C,2,43285,OPTIDX,NIFTY,1386426600,2180000,PE
C,2,43289,OPTIDX,NIFTY,1386426600,2185000,PE
C,2,43296,OPTIDX,NIFTY,1386426600,2190000,PE
C,2,43298,OPTIDX,NIFTY,1386426600,2195000,PE
C,2,43303,OPTIDX,NIFTY,1386426600,2200000,PE
C,2,43307,OPTIDX,NIFTY,1386426600,2205000,PE
C,2,43328,OPTIDX,NIFTY,1386426600,2210000,PE
C,2,43332,OPTIDX,NIFTY,1386426600,2215000,PE
C,2,44244,OPTIDX,NIFTY,1386426600,2220000,PE
C,2,44246,OPTIDX,NIFTY,1386426600,2225000,PE
C,2,45071,OPTIDX,NIFTY,1386426600,2260000,PE
C,2,45073,OPTIDX,NIFTY,1386426600,2265000,PE
C,2,45075,OPTIDX,NIFTY,1386426600,2270000,PE
C,2,46160,OPTIDX,NIFTY,1386426600,2230000,PE
C,2,46162,OPTIDX,NIFTY,1386426600,2235000,PE
C,2,46164,OPTIDX,NIFTY,1386426600,2240000,PE
C,2,48137,OPTIDX,NIFTY,1386426600,2245000,PE
C,2,48849,OPTIDX,NIFTY,1386426600,2280000,PE
C,2,57412,OPTIDX,NIFTY,1386426600,2285000,PE
C,2,57414,OPTIDX,NIFTY,1386426600,2290000,PE
C,2,72413,OPTIDX,NIFTY,1386426600,2315000,PE
