C,3,35008,OPTIDX,FINNIFTY,1386253800,2175000,CE
C,3,35033,OPTIDX,FINNIFTY,1386858600,2175000,CE
C,3,35040,OPTIDX,FINNIFTY,1387463400,2175000,CE
C,3,35044,OPTIDX,FINNIFTY,1388673000,1560000,CE
C,3,35046,OPTIDX,FINNIFTY,1388673000,1570000,CE
C,3,35065,OPTIDX,FINNIFTY,1388673000,1580000,CE
C,3,35082,OPTIDX,FINNIFTY,1388673000,1590000,CE
C,3,35084,OPTIDX,FINNIFTY,1388673000,1600000,CE
C,3,35097,OPTIDX,FINNIFTY,1386253800,2360000,CE
C,3,35099,OPTIDX,FINNIFTY,1386858600,1560000,CE
C,3,35101,OPTIDX,FINNIFTY,1386858600,1570000,CE
C,3,35104,OPTIDX,NIFTY,1387031400,1640000,CE
C,3,35105,OPTIDX,NIFTY,1387031400,1640000,PE
C,3,35107,OPTIDX,FINNIFTY,1386858600,1580000,CE
C,3,35109,OPTIDX,FINNIFTY,1386858600,1590000,CE
C,3,35111,OPTIDX,FINNIFTY,1386858600,1600000,CE
C,3,35115,OPTIDX,FINNIFTY,1386858600,1610000,CE
C,3,35121,OPTIDX,FINNIFTY,1386858600,1620000,CE
C,3,35128,OPTIDX,FINNIFTY,1386858600,1630000,CE
C,3,35136,OPTIDX,FINNIFTY,1388068200,1775000,CE
C,3,35143,OPTIDX,FINNIFTY,1388068200,1785000,CE
C,3,35151,OPTIDX,FINNIFTY,1388068200,1795000,CE
C,3,35155,OPTIDX,FINNIFTY,1391092200,2330000,CE
C,3,35165,OPTIDX,FINNIFTY,1386858600,1640000,CE
C,3,35169,OPTIDX,FINNIFTY,1386858600,1650000,CE
C,3,35175,OPTIDX,FINNIFTY,1386858600,1660000,CE
C,3,35177,OPTIDX,FINNIFTY,1386858600,1670000,CE
C,3,35178,OPTIDX,FINNIFTY,1391092200,2550000,CE
C,3,35185,OPTIDX,FINNIFTY,1386858600,1680000,CE
C,3,35188,OPTIDX,FINNIFTY,1388068200,1805000,CE
C,3,35191,OPTIDX,FINNIFTY,1386858600,1690000,CE
C,3,35193,OPTIDX,FINNIFTY,1386858600,1700000,CE
C,3,35196,OPTIDX,FINNIFTY,1388068200,1815000,CE
C,3,35197,OPTIDX,FINNIFTY,1386858600,1710000,CE
C,3,35200,OPTIDX,FINNIFTY,1386858600,1720000,CE
C,3,35203,OPTIDX,FINNIFTY,1386858600,1730000,CE
C,3,35213,OPTIDX,FINNIFTY,1386858600,1740000,CE
C,3,35223,OPTIDX,FINNIFTY,1386858600,1750000,CE
C,3,35240,OPTIDX,FINNIFTY,1386858600,1755000,CE
C,3,35244,OPTIDX,FINNIFTY,1386858600,1760000,CE
C,3,35250,OPTIDX,FINNIFTY,1386858600,1765000,CE
C,3,35257,OPTIDX,FINNIFTY,1386858600,1770000,CE
C,3,35264,OPTIDX,FINNIFTY,1386858600,1775000,CE
C,3,35266,OPTIDX,FINNIFTY,1386858600,1780000,CE
C,3,35268,OPTIDX,FINNIFTY,1386858600,1785000,CE
C,3,35274,OPTIDX,FINNIFTY,1386858600,1790000,CE
C,3,35276,OPTIDX,NIFTY,1387031400,1645000,CE
C,3,35277,OPTIDX,NIFTY,1387031400,1645000,PE
C,3,35278,OPTIDX,FINNIFTY,1386858600,1795000,CE
C,3,35292,OPTIDX,FINNIFTY,1386253800,2215000,CE
C,3,35294,OPTIDX,FINNIFTY,1386858600,1800000,CE
C,3,35296,OPTIDX,FINNIFTY,1386858600,1805000,CE
C,3,35300,OPTIDX,FINNIFTY,1386858600,1810000,CE
C,3,35302,OPTIDX,FINNIFTY,1386253800,2420000,CE
C,3,35304,OPTIDX,FINNIFTY,1386858600,1815000,CE
C,3,35318,OPTIDX,FINNIFTY,1386858600,2215000,CE
C,3,35320,OPTIDX,FINNIFTY,1386858600,2420000,CE
C,3,35326,OPTIDX,FINNIFTY,1387463400,2215000,CE
C,3,35328,OPTIDX,FINNIFTY,1386858600,1820000,CE
C,3,35332,OPTIDX,FINNIFTY,1387463400,2420000,CE
C,3,35334,OPTIDX,FINNIFTY,1388068200,2215000,CE
C,3,35336,OPTIDX,FINNIFTY,1386858600,1825000,CE
C,3,35338,OPTIDX,FINNIFTY,1388068200,2420000,CE
C,3,35339,OPTIDX,FINNIFTY,1386858600,1830000,CE
C,3,35342,OPTIDX,FINNIFTY,1388673000,2215000,CE
C,3,35344,OPTIDX,FINNIFTY,1388673000,2420000,CE
C,3,35350,OPTIDX,FINNIFTY,1391092200,2420000,CE
C,3,35354,OPTIDX,FINNIFTY,1393511400,2420000,CE
C,3,35385,OPTIDX,FINNIFTY,1386858600,1835000,CE
C,3,35398,OPTIDX,FINNIFTY,1386858600,1840000,CE
C,3,35400,OPTIDX,FINNIFTY,1386858600,1845000,CE
C,3,35402,OPTIDX,FINNIFTY,1386858600,1850000,CE
C,3,35410,OPTIDX,FINNIFTY,1386858600,1855000,CE
C,3,35414,OPTIDX,FINNIFTY,1386858600,1860000,CE
C,3,35426,OPTIDX,FINNIFTY,1386858600,1865000,CE
C,3,35428,OPTIDX,FINNIFTY,1386858600,1870000,CE
C,3,35442,OPTIDX,FINNIFTY,1386858600,1875000,CE
C,3,35444,OPTIDX,FINNIFTY,1386858600,1880000,CE
C,3,35452,OPTIDX,FINNIFTY,1386858600,1885000,CE
C,3,35454,OPTIDX,FINNIFTY,1386858600,1890000,CE
C,3,35456,OPTIDX,FINNIFTY,1386858600,1895000,CE
C,3,35458,OPTIDX,FINNIFTY,1386858600,1900000,CE
C,3,35460,OPTIDX,FINNIFTY,1386858600,1905000,CE
C,3,35462,OPTIDX,FINNIFTY,1386858600,1910000,CE
C,3,35464,OPTIDX,FINNIFTY,1386858600,1915000,CE
C,3,35466,OPTIDX,FINNIFTY,1386858600,1920000,CE
C,3,35468,OPTIDX,FINNIFTY,1386858600,1925000,CE
C,3,35470,OPTIDX,FINNIFTY,1386858600,1930000,CE
C,3,35472,OPTIDX,FINNIFTY,1386858600,1935000,CE
C,3,35474,OPTIDX,FINNIFTY,1386858600,1940000,CE
C,3,35476,OPTIDX,FINNIFTY,1386858600,1945000,CE
C,3,35478,OPTIDX,FINNIFTY,1386858600,1950000,CE
C,3,35480,OPTIDX,FINNIFTY,1386858600,1955000,CE
C,3,35482,OPTIDX,FINNIFTY,1386858600,1960000,CE
C,3,35484,OPTIDX,FINNIFTY,1386858600,1965000,CE
C,3,35486,OPTIDX,FINNIFTY,1386858600,1970000,CE
C,3,35492,OPTIDX,FINNIFTY,1386858600,1975000,CE
C,3,35494,OPTIDX,FINNIFTY,1386858600,1980000,CE
C,3,35496,OPTIDX,FINNIFTY,1386858600,1985000,CE
C,3,35498,OPTIDX,FINNIFTY,1386858600,1990000,CE
C,3,35500,OPTIDX,FINNIFTY,1386858600,1995000,CE
C,3,35506,OPTIDX,FINNIFTY,1386858600,2000000,CE
C,3,35508,OPTIDX,FINNIFTY,1386858600,2005000,CE
C,3,35510,OPTIDX,FINNIFTY,1386858600,2010000,CE
C,3,35512,OPTIDX,FINNIFTY,1386858600,2015000,CE
C,3,35516,OPTIDX,FINNIFTY,1386858600,2020000,CE
C,3,35522,OPTIDX,FINNIFTY,1386858600,2025000,CE
C,3,35544,OPTIDX,FINNIFTY,1386858600,2030000,CE
C,3,35548,OPTIDX,FINNIFTY,1386858600,2035000,CE
C,3,35550,OPTIDX,FINNIFTY,1386858600,2040000,CE
C,3,35552,OPTIDX,FINNIFTY,1386858600,2045000,CE
C,3,35554,OPTIDX,FINNIFTY,1386858600,2050000,CE
C,3,35556,OPTIDX,FINNIFTY,1386858600,2055000,CE
C,3,35558,OPTIDX,FINNIFTY,1386858600,2060000,CE
C,3,35560,OPTIDX,FINNIFTY,1386858600,2065000,CE
C,3,35562,OPTIDX,FINNIFTY,1386858600,2070000,CE
C,3,35564,OPTIDX,FINNIFTY,1386858600,2075000,CE
C,3,35570,OPTIDX,FINNIFTY,1386858600,2080000,CE
C,3,35572,OPTIDX,FINNIFTY,1386858600,2085000,CE
C,3,35574,OPTIDX,FINNIFTY,1386858600,2090000,CE
C,3,35580,OPTIDX,FINNIFTY,1386858600,2095000,CE
C,3,35594,OPTIDX,FINNIFTY,1386858600,2100000,CE
C,3,35602,OPTIDX,FINNIFTY,1386858600,2105000,CE
C,3,35604,OPTIDX,FINNIFTY,1386858600,2110000,CE
C,3,35606,OPTIDX,FINNIFTY,1386858600,2115000,CE
C,3,35610,OPTIDX,FINNIFTY,1386858600,2120000,CE
C,3,35612,OPTIDX,FINNIFTY,1386858600,2125000,CE
C,3,35614,OPTIDX,FINNIFTY,1386858600,2130000,CE
C,3,35616,OPTIDX,FINNIFTY,1386858600,2135000,CE
C,3,35618,OPTIDX,FINNIFTY,1386858600,2140000,CE
C,3,35626,OPTIDX,FINNIFTY,1386858600,2145000,CE
C,3,35628,OPTIDX,FINNIFTY,1386858600,2150000,CE
C,3,35646,OPTIDX,FINNIFTY,1386858600,2155000,CE
C,3,35648,OPTIDX,FINNIFTY,1386858600,2160000,CE
C,3,35650,OPTIDX,FINNIFTY,1386858600,2170000,CE
C,3,35652,OPTIDX,FINNIFTY,1386858600,2180000,CE
C,3,35654,OPTIDX,FINNIFTY,1386858600,2190000,CE
C,3,35656,OPTIDX,FINNIFTY,1386858600,2200000,CE
C,3,35660,OPTIDX,FINNIFTY,1386858600,2210000,CE
C,3,35664,OPTIDX,FINNIFTY,1386858600,2220000,CE
C,3,35676,OPTIDX,NIFTY,1387031400,2320000,CE
C,3,35677,OPTIDX,NIFTY,1387031400,2320000,PE
C,3,35678,OPTIDX,FINNIFTY,1386858600,2230000,CE
C,3,35681,OPTIDX,NIFTY,1387031400,2325000,CE
C,3,35682,OPTIDX,NIFTY,1387031400,2325000,PE
C,3,35696,OPTIDX,FINNIFTY,1386858600,2240000,CE
C,3,35698,OPTIDX,FINNIFTY,1386858600,2250000,CE
C,3,35700,OPTIDX,FINNIFTY,1386858600,2260000,CE
C,3,35702,OPTIDX,FINNIFTY,1386858600,2270000,CE
C,3,35704,OPTIDX,FINNIFTY,1386858600,2280000,CE
C,3,35709,OPTIDX,FINNIFTY,1386858600,2290000,CE
C,3,35718,OPTIDX,FINNIFTY,1386858600,2300000,CE
C,3,35726,OPTIDX,FINNIFTY,1386858600,2310000,CE
C,3,35728,OPTIDX,FINNIFTY,1386858600,2320000,CE
C,3,35730,OPTIDX,FINNIFTY,1386858600,2330000,CE
C,3,35732,OPTIDX,FINNIFTY,1386858600,2340000,CE
C,3,35734,OPTIDX,FINNIFTY,1386858600,2350000,CE
C,3,35766,OPTIDX,FINNIFTY,1386858600,2360000,CE
C,3,35780,OPTIDX,FINNIFTY,1391092200,2360000,CE
C,3,36452,OPTIDX,NIFTY,1387031400,1650000,CE
C,3,36453,OPTIDX,NIFTY,1387031400,1650000,PE
C,3,36458,OPTIDX,FINNIFTY,1388068200,1825000,CE
C,3,36691,FUTSTK,031NSETEST,1795876200,0,XX
C,3,37670,OPTIDX,FINNIFTY,1388673000,1610000,CE
C,3,38294,OPTIDX,FINNIFTY,1388068200,1835000,CE
C,3,38344,OPTIDX,FINNIFTY,1386253800,2165000,CE
C,3,38346,OPTIDX,FINNIFTY,1386253800,2370000,CE
C,3,38349,OPTIDX,FINNIFTY,1386858600,2165000,CE
C,3,38354,OPTIDX,FINNIFTY,1386858600,2370000,CE
C,3,38356,OPTIDX,FINNIFTY,1391092200,2370000,CE
C,3,38372,OPTIDX,FINNIFTY,1388673000,1620000,CE
C,3,38379,OPTIDX,FINNIFTY,1388673000,1630000,CE
C,3,38383,OPTIDX,FINNIFTY,1388068200,1845000,CE
C,3,38395,OPTIDX,FINNIFTY,1388068200,1855000,CE
C,3,38696,OPTIDX,FINNIFTY,1386253800,2185000,CE
C,3,38699,OPTIDX,FINNIFTY,1386253800,2195000,CE
C,3,38706,OPTIDX,FINNIFTY,1386253800,2380000,CE
C,3,38708,OPTIDX,FINNIFTY,1386253800,2390000,CE
C,3,38710,OPTIDX,FINNIFTY,1386253800,2400000,CE
C,3,38712,OPTIDX,FINNIFTY,1386858600,2185000,CE
C,3,38715,OPTIDX,FINNIFTY,1386858600,2195000,CE
C,3,38717,OPTIDX,FINNIFTY,1386858600,2380000,CE
C,3,38720,OPTIDX,FINNIFTY,1386858600,2390000,CE
C,3,38759,OPTIDX,FINNIFTY,1386858600,2400000,CE
C,3,38769,OPTIDX,FINNIFTY,1387463400,2185000,CE
C,3,38785,OPTIDX,FINNIFTY,1387463400,2195000,CE
C,3,38803,OPTIDX,FINNIFTY,1387463400,2380000,CE
C,3,38805,OPTIDX,FINNIFTY,1387463400,2390000,CE
C,3,38809,OPTIDX,FINNIFTY,1387463400,2400000,CE
C,3,38812,OPTIDX,FINNIFTY,1388068200,2175000,CE
C,3,38820,OPTIDX,FINNIFTY,1388068200,2185000,CE
C,3,38840,OPTIDX,FINNIFTY,1388068200,2195000,CE
C,3,38842,OPTIDX,FINNIFTY,1388673000,2175000,CE
C,3,38849,OPTIDX,FINNIFTY,1388673000,2185000,CE
C,3,38858,OPTIDX,FINNIFTY,1388673000,2195000,CE
C,3,38864,OPTIDX,FINNIFTY,1388673000,2380000,CE
C,3,38874,OPTIDX,FINNIFTY,1388673000,2390000,CE
C,3,38876,OPTIDX,FINNIFTY,1388673000,2400000,CE
C,3,38877,OPTIDX,FINNIFTY,1391092200,1300000,CE
C,3,38888,OPTIDX,FINNIFTY,1391092200,1350000,CE
C,3,38892,OPTIDX,FINNIFTY,1391092200,1400000,CE
C,3,38907,OPTIDX,FINNIFTY,1391092200,1450000,CE
C,3,38913,OPTIDX,FINNIFTY,1391092200,1500000,CE
C,3,38921,OPTIDX,FINNIFTY,1391092200,1520000,CE
C,3,38923,OPTIDX,FINNIFTY,1391092200,1530000,CE
C,3,38925,OPTIDX,FINNIFTY,1391092200,1540000,CE
C,3,38927,OPTIDX,FINNIFTY,1391092200,1550000,CE
C,3,38929,OPTIDX,FINNIFTY,1391092200,1560000,CE
C,3,38932,OPTIDX,FINNIFTY,1391092200,1570000,CE
C,3,38939,OPTIDX,FINNIFTY,1391092200,1580000,CE
C,3,38941,OPTIDX,FINNIFTY,1391092200,1590000,CE
C,3,38943,OPTIDX,FINNIFTY,1391092200,1600000,CE
C,3,38945,OPTIDX,FINNIFTY,1391092200,1610000,CE
C,3,38951,OPTIDX,FINNIFTY,1391092200,1620000,CE
C,3,38953,OPTIDX,FINNIFTY,1391092200,1630000,CE
C,3,38957,OPTIDX,FINNIFTY,1391092200,1640000,CE
C,3,38967,OPTIDX,FINNIFTY,1391092200,1650000,CE
C,3,38969,OPTIDX,FINNIFTY,1391092200,1660000,CE
C,3,38981,OPTIDX,FINNIFTY,1391092200,1670000,CE
C,3,38984,OPTIDX,FINNIFTY,1391092200,1680000,CE
C,3,38986,OPTIDX,FINNIFTY,1391092200,1690000,CE
C,3,38988,OPTIDX,FINNIFTY,1391092200,1700000,CE
C,3,39015,OPTIDX,FINNIFTY,1391092200,1710000,CE
C,3,39017,OPTIDX,FINNIFTY,1391092200,1720000,CE
C,3,39019,OPTIDX,FINNIFTY,1391092200,1730000,CE
C,3,39021,OPTIDX,FINNIFTY,1391092200,1740000,CE
C,3,39031,OPTIDX,FINNIFTY,1391092200,1750000,CE
C,3,39045,OPTIDX,FINNIFTY,1391092200,1760000,CE
C,3,39050,OPTIDX,FINNIFTY,1391092200,1770000,CE
C,3,39053,OPTIDX,FINNIFTY,1391092200,1780000,CE
C,3,39063,OPTIDX,FINNIFTY,1391092200,1790000,CE
C,3,39073,OPTIDX,FINNIFTY,1391092200,1800000,CE
C,3,39105,OPTIDX,FINNIFTY,1391092200,1810000,CE
C,3,39113,OPTIDX,FINNIFTY,1391092200,1820000,CE
C,3,39115,OPTIDX,FINNIFTY,1391092200,1830000,CE
C,3,39117,OPTIDX,FINNIFTY,1391092200,1840000,CE
C,3,39119,OPTIDX,FINNIFTY,1391092200,1850000,CE
C,3,39121,OPTIDX,FINNIFTY,1391092200,1860000,CE
C,3,39133,OPTIDX,FINNIFTY,1391092200,1870000,CE
C,3,39148,OPTIDX,FINNIFTY,1391092200,1880000,CE
C,3,39150,OPTIDX,FINNIFTY,1391092200,1890000,CE
C,3,39157,OPTIDX,FINNIFTY,1391092200,1900000,CE
C,3,39159,OPTIDX,FINNIFTY,1391092200,1910000,CE
C,3,39161,OPTIDX,FINNIFTY,1391092200,1920000,CE
C,3,39163,OPTIDX,FINNIFTY,1391092200,1930000,CE
C,3,39165,OPTIDX,FINNIFTY,1391092200,1940000,CE
C,3,39186,OPTIDX,FINNIFTY,1391092200,1950000,CE
C,3,39203,OPTIDX,FINNIFTY,1391092200,1960000,CE
C,3,39211,OPTIDX,FINNIFTY,1391092200,1970000,CE
C,3,39219,OPTIDX,FINNIFTY,1391092200,1980000,CE
C,3,39240,OPTIDX,FINNIFTY,1391092200,1990000,CE
C,3,39249,OPTIDX,FINNIFTY,1391092200,2000000,CE
C,3,39258,OPTIDX,FINNIFTY,1391092200,2010000,CE
C,3,39260,OPTIDX,FINNIFTY,1391092200,2020000,CE
C,3,39262,OPTIDX,FINNIFTY,1391092200,2030000,CE
C,3,39278,OPTIDX,FINNIFTY,1391092200,2040000,CE
C,3,39285,OPTIDX,FINNIFTY,1391092200,2050000,CE
C,3,39293,OPTIDX,NIFTY,1387031400,1655000,CE
C,3,39294,OPTIDX,FINNIFTY,1391092200,2060000,CE
C,3,39303,OPTIDX,NIFTY,1387031400,1655000,PE
C,3,39306,OPTIDX,FINNIFTY,1391092200,2070000,CE
C,3,39314,OPTIDX,FINNIFTY,1391092200,2080000,CE
C,3,39320,OPTIDX,FINNIFTY,1391092200,2090000,CE
C,3,39325,OPTIDX,FINNIFTY,1391092200,2100000,CE
C,3,39328,OPTIDX,FINNIFTY,1391092200,2110000,CE
C,3,39339,OPTIDX,FINNIFTY,1391092200,2120000,CE
C,3,39343,OPTIDX,FINNIFTY,1391092200,2130000,CE
C,3,39348,OPTIDX,FINNIFTY,1391092200,2140000,CE
C,3,39364,OPTIDX,FINNIFTY,1391092200,2150000,CE
C,3,39372,OPTIDX,FINNIFTY,1391092200,2160000,CE
C,3,39374,OPTIDX,FINNIFTY,1391092200,2170000,CE
C,3,39379,OPTIDX,FINNIFTY,1391092200,2180000,CE
C,3,39381,OPTIDX,FINNIFTY,1391092200,2190000,CE
C,3,39383,OPTIDX,FINNIFTY,1391092200,2200000,CE
C,3,39385,OPTIDX,FINNIFTY,1391092200,2210000,CE
C,3,39387,OPTIDX,FINNIFTY,1391092200,2220000,CE
C,3,39395,OPTIDX,FINNIFTY,1391092200,2230000,CE
C,3,39409,OPTIDX,FINNIFTY,1391092200,2240000,CE
C,3,39425,OPTIDX,FINNIFTY,1391092200,2250000,CE
C,3,39428,OPTIDX,FINNIFTY,1391092200,2260000,CE
C,3,39436,OPTIDX,FINNIFTY,1391092200,2270000,CE
C,3,39438,OPTIDX,FINNIFTY,1391092200,2280000,CE
C,3,39440,OPTIDX,FINNIFTY,1391092200,2290000,CE
C,3,39444,OPTIDX,FINNIFTY,1391092200,2300000,CE
C,3,39449,OPTIDX,FINNIFTY,1391092200,2310000,CE
C,3,39452,OPTIDX,FINNIFTY,1391092200,2320000,CE
C,3,39454,OPTIDX,FINNIFTY,1391092200,2350000,CE
C,3,39457,OPTIDX,FINNIFTY,1391092200,2400000,CE
C,3,39468,OPTIDX,FINNIFTY,1391092200,2450000,CE
C,3,39470,OPTIDX,FINNIFTY,1391092200,2500000,CE
C,3,39671,OPTIDX,FINNIFTY,1386253800,2225000,CE
C,3,39675,OPTIDX,FINNIFTY,1386253800,2235000,CE
C,3,39677,OPTIDX,FINNIFTY,1386253800,2245000,CE
C,3,39681,OPTIDX,FINNIFTY,1386253800,2255000,CE
C,3,39691,OPTIDX,FINNIFTY,1386253800,2265000,CE
C,3,39694,OPTIDX,FINNIFTY,1386253800,2275000,CE
C,3,39696,OPTIDX,FINNIFTY,1386253800,2285000,CE
C,3,39707,OPTIDX,FINNIFTY,1386253800,2430000,CE
C,3,39709,OPTIDX,FINNIFTY,1386253800,2440000,CE
C,3,39713,OPTIDX,FINNIFTY,1386253800,2450000,CE
C,3,39721,OPTIDX,FINNIFTY,1386253800,2460000,CE
C,3,39738,OPTIDX,FINNIFTY,1386253800,2470000,CE
C,3,39740,OPTIDX,FINNIFTY,1386253800,2480000,CE
C,3,39751,OPTIDX,FINNIFTY,1386253800,2490000,CE
C,3,39759,OPTIDX,FINNIFTY,1386858600,2225000,CE
C,3,39775,OPTIDX,FINNIFTY,1386858600,2235000,CE
C,3,39777,OPTIDX,FINNIFTY,1386858600,2245000,CE
C,3,39786,OPTIDX,FINNIFTY,1386858600,2255000,CE
C,3,39795,OPTIDX,FINNIFTY,1386858600,2265000,CE
C,3,39797,OPTIDX,FINNIFTY,1386858600,2275000,CE
C,3,39799,OPTIDX,FINNIFTY,1386858600,2285000,CE
C,3,39815,OPTIDX,FINNIFTY,1386858600,2430000,CE
C,3,39821,OPTIDX,FINNIFTY,1386858600,2440000,CE
C,3,39825,OPTIDX,FINNIFTY,1386858600,2450000,CE
C,3,39830,OPTIDX,FINNIFTY,1386858600,2460000,CE
C,3,39833,OPTIDX,FINNIFTY,1386858600,2470000,CE
C,3,39835,OPTIDX,FINNIFTY,1386858600,2480000,CE
C,3,39838,OPTIDX,FINNIFTY,1386858600,2490000,CE
C,3,39840,OPTIDX,FINNIFTY,1387463400,2225000,CE
C,3,39844,OPTIDX,FINNIFTY,1387463400,2235000,CE
C,3,39848,OPTIDX,FINNIFTY,1387463400,2245000,CE
C,3,39850,OPTIDX,FINNIFTY,1387463400,2255000,CE
C,3,39877,OPTIDX,FINNIFTY,1387463400,2265000,CE
C,3,39879,OPTIDX,FINNIFTY,1387463400,2275000,CE
C,3,39882,OPTIDX,FINNIFTY,1387463400,2285000,CE
C,3,39884,OPTIDX,FINNIFTY,1387463400,2430000,CE
C,3,39886,OPTIDX,FINNIFTY,1387463400,2440000,CE
C,3,39900,OPTIDX,FINNIFTY,1387463400,2450000,CE
C,3,39902,OPTIDX,FINNIFTY,1387463400,2460000,CE
C,3,39905,OPTIDX,FINNIFTY,1387463400,2470000,CE
C,3,39923,OPTIDX,NIFTY,1387031400,1660000,CE
C,3,39927,OPTIDX,FINNIFTY,1387463400,2480000,CE
C,3,39929,OPTIDX,FINNIFTY,1387463400,2490000,CE
C,3,39932,OPTIDX,FINNIFTY,1388068200,2225000,CE
C,3,39940,OPTIDX,NIFTY,1387031400,1660000,PE
C,3,39941,OPTIDX,NIFTY,1387031400,1665000,CE
C,3,39944,OPTIDX,FINNIFTY,1388068200,2235000,CE
C,3,39947,OPTIDX,NIFTY,1387031400,1665000,PE
C,3,39957,OPTIDX,FINNIFTY,1388068200,2245000,CE
C,3,39966,OPTIDX,FINNIFTY,1388068200,2255000,CE
C,3,39968,OPTIDX,FINNIFTY,1388068200,2265000,CE
C,3,39974,OPTIDX,FINNIFTY,1388068200,2275000,CE
C,3,39977,OPTIDX,FINNIFTY,1388068200,2285000,CE
C,3,39983,OPTIDX,FINNIFTY,1388068200,2430000,CE
C,3,40002,OPTIDX,FINNIFTY,1388068200,2440000,CE
C,3,40004,OPTIDX,FINNIFTY,1388068200,2460000,CE
C,3,40006,OPTIDX,FINNIFTY,1388068200,2470000,CE
C,3,40015,OPTIDX,FINNIFTY,1388068200,2480000,CE
C,3,40020,OPTIDX,FINNIFTY,1388068200,2490000,CE
C,3,40024,OPTIDX,FINNIFTY,1388673000,2225000,CE
C,3,40045,OPTIDX,FINNIFTY,1388673000,2235000,CE
C,3,40061,OPTIDX,FINNIFTY,1388673000,2245000,CE
C,3,40064,OPTIDX,FINNIFTY,1388673000,2255000,CE
C,3,40069,OPTIDX,FINNIFTY,1388673000,2265000,CE
C,3,40074,OPTIDX,FINNIFTY,1388673000,2275000,CE
C,3,40076,OPTIDX,FINNIFTY,1388673000,2285000,CE
C,3,40088,OPTIDX,FINNIFTY,1388673000,2430000,CE
C,3,40094,OPTIDX,FINNIFTY,1388673000,2440000,CE
C,3,40096,OPTIDX,FINNIFTY,1388673000,2450000,CE
C,3,40104,OPTIDX,FINNIFTY,1388673000,2460000,CE
C,3,40124,OPTIDX,FINNIFTY,1388673000,2470000,CE
C,3,40144,OPTIDX,FINNIFTY,1388673000,2480000,CE
C,3,40146,OPTIDX,FINNIFTY,1388673000,2490000,CE
C,3,40150,OPTIDX,FINNIFTY,1391092200,2430000,CE
C,3,40169,OPTIDX,FINNIFTY,1391092200,2440000,CE
C,3,40180,OPTIDX,FINNIFTY,1391092200,2460000,CE
C,3,40184,OPTIDX,FINNIFTY,1388673000,2165000,CE
C,3,40194,OPTIDX,FINNIFTY,1391092200,2470000,CE
C,3,40198,OPTIDX,FINNIFTY,1391092200,2480000,CE
C,3,40200,OPTIDX,FINNIFTY,1391092200,2490000,CE
C,3,40208,OPTIDX,FINNIFTY,1391092200,2650000,CE
C,3,40213,OPTIDX,FINNIFTY,1391092200,2700000,CE
C,3,40221,OPTIDX,FINNIFTY,1393511400,2430000,CE
C,3,40231,OPTIDX,NIFTY,1387031400,2250000,CE
C,3,40232,OPTIDX,NIFTY,1387031400,2250000,PE
C,3,40236,OPTIDX,NIFTY,1387031400,2255000,CE
C,3,40237,OPTIDX,NIFTY,1387031400,2255000,PE
C,3,40240,OPTIDX,FINNIFTY,1393511400,2440000,CE
C,3,40241,OPTIDX,FINNIFTY,1388068200,1865000,CE
C,3,40243,OPTIDX,FINNIFTY,1388068200,1875000,CE
C,3,40247,OPTIDX,FINNIFTY,1393511400,2460000,CE
C,3,40248,OPTIDX,FINNIFTY,1388068200,1885000,CE
C,3,40254,OPTIDX,FINNIFTY,1393511400,2470000,CE
C,3,40270,OPTIDX,FINNIFTY,1393511400,2480000,CE
C,3,40277,OPTIDX,FINNIFTY,1393511400,2490000,CE
C,3,40282,OPTIDX,FINNIFTY,1393511400,2650000,CE
C,3,40284,OPTIDX,FINNIFTY,1393511400,2700000,CE
C,3,40449,OPTIDX,FINNIFTY,1388673000,2370000,CE
C,3,40458,OPTIDX,NIFTY,1387031400,1670000,CE
C,3,40459,OPTIDX,NIFTY,1387031400,1670000,PE
C,3,40460,OPTIDX,NIFTY,1387031400,1675000,CE
C,3,40461,OPTIDX,NIFTY,1387031400,1675000,PE
C,3,40462,OPTIDX,NIFTY,1387031400,1680000,CE
C,3,40463,OPTIDX,NIFTY,1387031400,1680000,PE
C,3,40464,OPTIDX,NIFTY,1387031400,1685000,CE
C,3,40467,OPTIDX,NIFTY,1387031400,1685000,PE
C,3,40468,OPTIDX,NIFTY,1387031400,1690000,CE
C,3,40471,OPTIDX,NIFTY,1387031400,1690000,PE
C,3,40472,OPTIDX,NIFTY,1387031400,1695000,CE
C,3,40473,OPTIDX,NIFTY,1387031400,1695000,PE
C,3,40474,OPTIDX,NIFTY,1387031400,1700000,CE
C,3,40475,OPTIDX,NIFTY,1387031400,1700000,PE
C,3,40476,OPTIDX,NIFTY,1387031400,1705000,CE
C,3,40479,OPTIDX,NIFTY,1387031400,1705000,PE
C,3,40480,OPTIDX,NIFTY,1387031400,1710000,CE
C,3,40484,OPTIDX,NIFTY,1387031400,1710000,PE
C,3,40485,OPTIDX,NIFTY,1387031400,1715000,CE
C,3,40487,OPTIDX,NIFTY,1387031400,1715000,PE
C,3,40490,OPTIDX,NIFTY,1387031400,1720000,CE
C,3,40491,OPTIDX,NIFTY,1387031400,1720000,PE
C,3,40492,OPTIDX,NIFTY,1387031400,1725000,CE
C,3,40494,OPTIDX,NIFTY,1387031400,1725000,PE
C,3,40502,OPTIDX,NIFTY,1387031400,1730000,CE
C,3,40503,OPTIDX,NIFTY,1387031400,1730000,PE
C,3,40504,OPTIDX,NIFTY,1387031400,1735000,CE
C,3,40505,OPTIDX,NIFTY,1387031400,1735000,PE
C,3,40506,OPTIDX,NIFTY,1387031400,1740000,CE
C,3,40507,OPTIDX,NIFTY,1387031400,1740000,PE
C,3,40510,OPTIDX,NIFTY,1387031400,1745000,CE
C,3,40511,OPTIDX,NIFTY,1387031400,1745000,PE
C,3,40512,OPTIDX,NIFTY,1387031400,1750000,CE
C,3,40519,OPTIDX,NIFTY,1387031400,1750000,PE
C,3,40520,OPTIDX,NIFTY,1387031400,1755000,CE
C,3,40523,OPTIDX,NIFTY,1387031400,1755000,PE
C,3,40524,OPTIDX,NIFTY,1387031400,1760000,CE
C,3,40531,OPTIDX,NIFTY,1387031400,1760000,PE
C,3,40532,OPTIDX,NIFTY,1387031400,1765000,CE
C,3,40533,OPTIDX,NIFTY,1387031400,1765000,PE
C,3,40536,OPTIDX,NIFTY,1387031400,1770000,CE
C,3,40539,OPTIDX,NIFTY,1387031400,1770000,PE
C,3,40541,OPTIDX,FINNIFTY,1391092200,2380000,CE
C,3,40542,OPTIDX,NIFTY,1387031400,1775000,CE
C,3,40543,OPTIDX,NIFTY,1387031400,1775000,PE
C,3,40545,OPTIDX,NIFTY,1387031400,1780000,CE
C,3,40549,OPTIDX,NIFTY,1387031400,1780000,PE
C,3,40552,OPTIDX,NIFTY,1387031400,1785000,CE
C,3,40553,OPTIDX,NIFTY,1387031400,1785000,PE
C,3,40554,OPTIDX,NIFTY,1387031400,1790000,CE
C,3,40566,OPTIDX,NIFTY,1387031400,1790000,PE
C,3,40567,OPTIDX,NIFTY,1387031400,1795000,CE
C,3,40573,OPTIDX,NIFTY,1387031400,1795000,PE
C,3,40574,OPTIDX,NIFTY,1387031400,1800000,CE
C,3,40577,OPTIDX,NIFTY,1387031400,1800000,PE
C,3,40580,OPTIDX,NIFTY,1387031400,1805000,CE
C,3,40586,OPTIDX,NIFTY,1387031400,1805000,PE
C,3,40587,OPTIDX,NIFTY,1387031400,1810000,CE
C,3,40588,OPTIDX,NIFTY,1387031400,1810000,PE
C,3,40589,OPTIDX,NIFTY,1387031400,1815000,CE
C,3,40592,OPTIDX,NIFTY,1387031400,1815000,PE
C,3,40593,OPTIDX,NIFTY,1387031400,1820000,CE
C,3,40594,OPTIDX,NIFTY,1387031400,1820000,PE
C,3,40595,OPTIDX,NIFTY,1387031400,1825000,CE
C,3,40596,OPTIDX,NIFTY,1387031400,1825000,PE
C,3,40597,OPTIDX,NIFTY,1387031400,1830000,CE
C,3,40605,OPTIDX,NIFTY,1387031400,1830000,PE
C,3,40611,OPTIDX,NIFTY,1387031400,1835000,CE
C,3,40612,OPTIDX,NIFTY,1387031400,1835000,PE
C,3,40615,OPTIDX,NIFTY,1387031400,1840000,CE
C,3,40616,OPTIDX,NIFTY,1387031400,1840000,PE
C,3,40617,OPTIDX,NIFTY,1387031400,1845000,CE
C,3,40620,OPTIDX,NIFTY,1387031400,1845000,PE
C,3,40621,OPTIDX,NIFTY,1387031400,1850000,CE
C,3,40622,OPTIDX,NIFTY,1387031400,1850000,PE
C,3,40623,OPTIDX,NIFTY,1387031400,1855000,CE
C,3,40625,OPTIDX,NIFTY,1387031400,1855000,PE
C,3,40626,OPTIDX,NIFTY,1387031400,1860000,CE
C,3,40628,OPTIDX,NIFTY,1387031400,1860000,PE
C,3,40629,OPTIDX,NIFTY,1387031400,1865000,CE
C,3,40648,OPTIDX,NIFTY,1387031400,1865000,PE
C,3,40650,OPTIDX,NIFTY,1387031400,1870000,CE
C,3,40661,OPTIDX,NIFTY,1387031400,1870000,PE
C,3,40665,OPTIDX,NIFTY,1387031400,1875000,CE
C,3,40666,OPTIDX,NIFTY,1387031400,1875000,PE
C,3,40667,OPTIDX,NIFTY,1387031400,1880000,CE
C,3,40668,OPTIDX,NIFTY,1387031400,1880000,PE
C,3,40671,OPTIDX,NIFTY,1387031400,1885000,CE
C,3,40672,OPTIDX,NIFTY,1387031400,1885000,PE
C,3,40673,OPTIDX,NIFTY,1387031400,1890000,CE
C,3,40674,OPTIDX,NIFTY,1387031400,1890000,PE
C,3,40682,OPTIDX,NIFTY,1387031400,1895000,CE
C,3,40683,OPTIDX,NIFTY,1387031400,1895000,PE
C,3,40684,OPTIDX,NIFTY,1387031400,1900000,CE
C,3,40685,OPTIDX,NIFTY,1387031400,1900000,PE
C,3,40686,OPTIDX,NIFTY,1387031400,1905000,CE
C,3,40688,OPTIDX,NIFTY,1387031400,1905000,PE
C,3,40689,OPTIDX,NIFTY,1387031400,1910000,CE
C,3,40690,OPTIDX,NIFTY,1387031400,1910000,PE
C,3,40691,OPTIDX,NIFTY,1387031400,1915000,CE
C,3,40697,OPTIDX,NIFTY,1387031400,1915000,PE
C,3,40699,OPTIDX,NIFTY,1387031400,1920000,CE
C,3,40700,OPTIDX,NIFTY,1387031400,1920000,PE
C,3,40702,OPTIDX,NIFTY,1387031400,1925000,CE
C,3,40704,OPTIDX,NIFTY,1387031400,1925000,PE
C,3,40705,OPTIDX,NIFTY,1387031400,1930000,CE
C,3,40706,OPTIDX,NIFTY,1387031400,1930000,PE
C,3,40707,OPTIDX,NIFTY,1387031400,1935000,CE
C,3,40713,OPTIDX,NIFTY,1387031400,1935000,PE
C,3,40714,OPTIDX,NIFTY,1387031400,1940000,CE
C,3,40727,OPTIDX,NIFTY,1387031400,1940000,PE
C,3,40728,OPTIDX,NIFTY,1387031400,1945000,CE
C,3,40729,OPTIDX,NIFTY,1387031400,1945000,PE
C,3,40732,OPTIDX,NIFTY,1387031400,1950000,CE
C,3,40733,OPTIDX,NIFTY,1387031400,1950000,PE
C,3,40734,OPTIDX,NIFTY,1387031400,1955000,CE
C,3,40735,OPTIDX,NIFTY,1387031400,1955000,PE
C,3,40736,OPTIDX,NIFTY,1387031400,1960000,CE
C,3,40741,OPTIDX,NIFTY,1387031400,1960000,PE
C,3,40742,OPTIDX,NIFTY,1387031400,1965000,CE
C,3,40744,OPTIDX,NIFTY,1387031400,1965000,PE
C,3,40745,OPTIDX,NIFTY,1387031400,1970000,CE
C,3,40746,OPTIDX,NIFTY,1387031400,1970000,PE
C,3,40747,OPTIDX,NIFTY,1387031400,1975000,CE
C,3,40748,OPTIDX,NIFTY,1387031400,1975000,PE
C,3,40749,OPTIDX,NIFTY,1387031400,1980000,CE
C,3,40750,OPTIDX,NIFTY,1387031400,1980000,PE
C,3,40751,OPTIDX,NIFTY,1387031400,1985000,CE
C,3,40762,OPTIDX,NIFTY,1387031400,1985000,PE
C,3,40763,OPTIDX,NIFTY,1387031400,1990000,CE
C,3,40764,OPTIDX,NIFTY,1387031400,1990000,PE
C,3,40768,OPTIDX,NIFTY,1387031400,1995000,CE
C,3,40769,OPTIDX,NIFTY,1387031400,1995000,PE
C,3,40771,OPTIDX,NIFTY,1387031400,2000000,CE
C,3,40772,OPTIDX,NIFTY,1387031400,2000000,PE
C,3,40773,OPTIDX,NIFTY,1387031400,2005000,CE
C,3,40774,OPTIDX,NIFTY,1387031400,2005000,PE
C,3,40775,OPTIDX,NIFTY,1387031400,2010000,CE
C,3,40776,OPTIDX,NIFTY,1387031400,2010000,PE
C,3,40777,OPTIDX,NIFTY,1387031400,2015000,CE
C,3,40778,OPTIDX,NIFTY,1387031400,2015000,PE
C,3,40779,OPTIDX,NIFTY,1387031400,2020000,CE
C,3,40780,OPTIDX,NIFTY,1387031400,2020000,PE
C,3,40781,OPTIDX,NIFTY,1387031400,2025000,CE
C,3,40782,OPTIDX,NIFTY,1387031400,2025000,PE
C,3,40783,OPTIDX,NIFTY,1387031400,2030000,CE
C,3,40784,OPTIDX,NIFTY,1387031400,2030000,PE
C,3,40785,OPTIDX,NIFTY,1387031400,2035000,CE
C,3,40786,OPTIDX,NIFTY,1387031400,2035000,PE
C,3,40787,OPTIDX,NIFTY,1387031400,2040000,CE
C,3,40788,OPTIDX,NIFTY,1387031400,2040000,PE
C,3,40790,OPTIDX,NIFTY,1387031400,2045000,CE
C,3,40793,OPTIDX,NIFTY,1387031400,2045000,PE
C,3,40794,OPTIDX,NIFTY,1387031400,2050000,CE
C,3,40798,OPTIDX,NIFTY,1387031400,2050000,PE
C,3,40801,OPTIDX,NIFTY,1387031400,2055000,CE
C,3,40802,OPTIDX,NIFTY,1387031400,2055000,PE
C,3,40803,OPTIDX,NIFTY,1387031400,2060000,CE
C,3,40804,OPTIDX,NIFTY,1387031400,2060000,PE
C,3,40805,OPTIDX,NIFTY,1387031400,2065000,CE
C,3,40806,OPTIDX,NIFTY,1387031400,2065000,PE
C,3,40807,OPTIDX,NIFTY,1387031400,2070000,CE
C,3,40808,OPTIDX,NIFTY,1387031400,2070000,PE
C,3,40811,OPTIDX,NIFTY,1387031400,2075000,CE
C,3,40812,OPTIDX,NIFTY,1387031400,2075000,PE
C,3,40813,OPTIDX,NIFTY,1387031400,2080000,CE
C,3,40814,OPTIDX,NIFTY,1387031400,2080000,PE
C,3,40817,OPTIDX,NIFTY,1387031400,2085000,CE
C,3,40818,OPTIDX,NIFTY,1387031400,2085000,PE
C,3,40828,OPTIDX,NIFTY,1387031400,2090000,CE
C,3,40832,OPTIDX,NIFTY,1387031400,2090000,PE
C,3,40834,OPTIDX,NIFTY,1387031400,2095000,CE
C,3,40839,OPTIDX,NIFTY,1387031400,2095000,PE
C,3,40848,OPTIDX,NIFTY,1387031400,2100000,CE
C,3,40850,OPTIDX,NIFTY,1387031400,2100000,PE
C,3,40851,OPTIDX,NIFTY,1387031400,2105000,CE
C,3,40853,OPTIDX,NIFTY,1387031400,2105000,PE
C,3,40854,OPTIDX,NIFTY,1387031400,2110000,CE
C,3,40855,OPTIDX,NIFTY,1387031400,2110000,PE
C,3,40856,OPTIDX,NIFTY,1387031400,2115000,CE
C,3,40857,OPTIDX,NIFTY,1387031400,2115000,PE
C,3,40858,OPTIDX,NIFTY,1387031400,2120000,CE
C,3,40860,OPTIDX,NIFTY,1387031400,2120000,PE
C,3,40861,OPTIDX,NIFTY,1387031400,2125000,CE
C,3,40864,OPTIDX,NIFTY,1387031400,2125000,PE
C,3,40865,OPTIDX,NIFTY,1387031400,2130000,CE
C,3,40866,OPTIDX,NIFTY,1387031400,2130000,PE
C,3,40867,OPTIDX,NIFTY,1387031400,2135000,CE
C,3,40868,OPTIDX,NIFTY,1387031400,2135000,PE
C,3,40869,OPTIDX,NIFTY,1387031400,2140000,CE
C,3,40870,OPTIDX,NIFTY,1387031400,2140000,PE
C,3,40874,OPTIDX,NIFTY,1387031400,2145000,CE
C,3,40881,OPTIDX,NIFTY,1387031400,2145000,PE
C,3,40882,OPTIDX,NIFTY,1387031400,2150000,CE
C,3,40883,OPTIDX,NIFTY,1387031400,2150000,PE
C,3,40887,OPTIDX,NIFTY,1387031400,2155000,CE
C,3,40888,OPTIDX,NIFTY,1387031400,2155000,PE
C,3,40890,OPTIDX,NIFTY,1387031400,2160000,CE
C,3,40891,OPTIDX,NIFTY,1387031400,2160000,PE
C,3,40892,OPTIDX,NIFTY,1387031400,2165000,CE
C,3,40893,OPTIDX,NIFTY,1387031400,2165000,PE
C,3,40894,OPTIDX,NIFTY,1387031400,2170000,CE
C,3,40897,OPTIDX,NIFTY,1387031400,2170000,PE
C,3,40898,OPTIDX,NIFTY,1387031400,2175000,CE
C,3,40899,OPTIDX,NIFTY,1387031400,2175000,PE
C,3,40900,OPTIDX,NIFTY,1387031400,2180000,CE
C,3,40901,OPTIDX,NIFTY,1387031400,2180000,PE
C,3,40908,OPTIDX,NIFTY,1387031400,2185000,CE
C,3,40923,OPTIDX,NIFTY,1387031400,2185000,PE
C,3,40924,OPTIDX,NIFTY,1387031400,2190000,CE
C,3,40934,OPTIDX,NIFTY,1387031400,2190000,PE
C,3,40935,OPTIDX,NIFTY,1387031400,2195000,CE
C,3,40936,OPTIDX,NIFTY,1387031400,2195000,PE
C,3,40938,OPTIDX,NIFTY,1387031400,2200000,CE
C,3,40939,OPTIDX,NIFTY,1387031400,2200000,PE
C,3,40944,OPTIDX,NIFTY,1387031400,2205000,CE
C,3,40945,OPTIDX,NIFTY,1387031400,2205000,PE
C,3,40946,OPTIDX,NIFTY,1387031400,2210000,CE
C,3,40947,OPTIDX,NIFTY,1387031400,2210000,PE
C,3,40948,OPTIDX,NIFTY,1387031400,2215000,CE
C,3,40949,OPTIDX,NIFTY,1387031400,2215000,PE
C,3,40950,OPTIDX,NIFTY,1387031400,2220000,CE
C,3,40953,OPTIDX,NIFTY,1387031400,2220000,PE
C,3,40954,OPTIDX,NIFTY,1387031400,2225000,CE
C,3,40955,OPTIDX,NIFTY,1387031400,2225000,PE
C,3,40956,OPTIDX,NIFTY,1387031400,2230000,CE
C,3,40957,OPTIDX,NIFTY,1387031400,2230000,PE
C,3,40958,OPTIDX,NIFTY,1387031400,2235000,CE
C,3,40959,OPTIDX,NIFTY,1387031400,2235000,PE
C,3,40960,OPTIDX,NIFTY,1387031400,2240000,CE
C,3,40962,OPTIDX,NIFTY,1387031400,2240000,PE
C,3,41057,OPTIDX,FINNIFTY,1388068200,1560000,CE
C,3,41107,OPTIDX,FINNIFTY,1388673000,1640000,CE
C,3,41192,OPTIDX,NIFTY,1387031400,2275000,CE
C,3,41193,OPTIDX,NIFTY,1387031400,2275000,PE
C,3,41295,OPTIDX,FINNIFTY,1391092200,2390000,CE
C,3,41301,OPTIDX,FINNIFTY,1391092200,1510000,CE
C,3,41803,OPTIDX,FINNIFTY,1388068200,1895000,CE
C,3,41811,OPTIDX,FINNIFTY,1388068200,1905000,CE
C,3,41821,OPTIDX,NIFTY,1387031400,2330000,CE
C,3,41822,OPTIDX,NIFTY,1387031400,2330000,PE
C,3,41825,OPTIDX,FINNIFTY,1388068200,1915000,CE
C,3,41826,OPTIDX,NIFTY,1387031400,2335000,CE
C,3,41827,OPTIDX,NIFTY,1387031400,2335000,PE
C,3,41828,OPTIDX,NIFTY,1387031400,2340000,CE
C,3,41829,OPTIDX,NIFTY,1387031400,2340000,PE
C,3,41836,OPTIDX,NIFTY,1387031400,2345000,CE
C,3,41837,OPTIDX,NIFTY,1387031400,2345000,PE
C,3,41840,OPTIDX,NIFTY,1387031400,2350000,CE
C,3,41841,OPTIDX,NIFTY,1387031400,2350000,PE
C,3,41844,OPTIDX,NIFTY,1387031400,2355000,CE
C,3,41845,OPTIDX,NIFTY,1387031400,2355000,PE
C,3,41855,OPTIDX,NIFTY,1387031400,2360000,CE
C,3,41856,OPTIDX,NIFTY,1387031400,2360000,PE
C,3,41857,OPTIDX,NIFTY,1387031400,2365000,CE
C,3,41858,OPTIDX,NIFTY,1387031400,2365000,PE
C,3,41860,OPTIDX,NIFTY,1387031400,2370000,CE
C,3,41861,OPTIDX,NIFTY,1387031400,2370000,PE
C,3,41876,OPTIDX,FINNIFTY,1388673000,1650000,CE
C,3,41885,OPTIDX,FINNIFTY,1388673000,1660000,CE
C,3,41886,OPTIDX,FINNIFTY,1391092200,2600000,CE
C,3,42072,OPTIDX,FINNIFTY,1393511400,2380000,CE
C,3,42172,OPTIDX,FINNIFTY,1393511400,2390000,CE
C,3,42174,OPTIDX,FINNIFTY,1393511400,2600000,CE
C,3,42398,OPTIDX,NIFTY,1387031400,2245000,CE
C,3,42399,OPTIDX,NIFTY,1387031400,2245000,PE
C,3,42478,OPTIDX,NIFTY,1387031400,2295000,CE
C,3,42480,OPTIDX,NIFTY,1387031400,2295000,PE
C,3,42481,OPTIDX,NIFTY,1387031400,2300000,CE
C,3,42482,OPTIDX,NIFTY,1387031400,2300000,PE
C,3,42495,OPTIDX,NIFTY,1387031400,2305000,CE
C,3,42496,OPTIDX,NIFTY,1387031400,2305000,PE
C,3,42498,OPTIDX,NIFTY,1387031400,2310000,CE
C,3,42499,OPTIDX,NIFTY,1387031400,2310000,PE
C,3,43301,OPTIDX,FINNIFTY,1388068200,1925000,CE
C,3,43306,OPTIDX,FINNIFTY,1388068200,1935000,CE
C,3,43550,OPTIDX,FINNIFTY,1388673000,1670000,CE
C,3,44208,OPTIDX,FINNIFTY,1388673000,1680000,CE
C,3,44227,OPTIDX,FINNIFTY,1391092200,2340000,CE
C,3,44901,OPTIDX,FINNIFTY,1388068200,1945000,CE
C,3,44903,OPTIDX,FINNIFTY,1388068200,1955000,CE
C,3,44994,OPTIDX,FINNIFTY,1387463400,2165000,CE
C,3,44996,OPTIDX,FINNIFTY,1387463400,2360000,CE
C,3,44998,OPTIDX,FINNIFTY,1387463400,2370000,CE
C,3,45000,OPTIDX,FINNIFTY,1388673000,1690000,CE
C,3,45002,OPTIDX,FINNIFTY,1388673000,1700000,CE
C,3,45004,OPTIDX,FINNIFTY,1388673000,1710000,CE
C,3,45007,OPTIDX,FINNIFTY,1388068200,1965000,CE
C,3,45009,OPTIDX,FINNIFTY,1388068200,1975000,CE
C,3,45011,OPTIDX,FINNIFTY,1388068200,1985000,CE
C,3,45076,OPTIDX,NIFTY,1387031400,2260000,CE
C,3,45077,OPTIDX,NIFTY,1387031400,2260000,PE
C,3,45078,OPTIDX,NIFTY,1387031400,2265000,CE
C,3,45079,OPTIDX,NIFTY,1387031400,2265000,PE
C,3,45080,OPTIDX,NIFTY,1387031400,2270000,CE
C,3,45081,OPTIDX,NIFTY,1387031400,2270000,PE
C,3,45167,OPTIDX,FINNIFTY,1388068200,1995000,CE
C,3,45577,OPTIDX,FINNIFTY,1386253800,2145000,CE
C,3,45593,OPTIDX,FINNIFTY,1386253800,2155000,CE
C,3,45601,OPTIDX,FINNIFTY,1386253800,2350000,CE
C,3,46501,OPTIDX,FINNIFTY,1388068200,2390000,CE
C,3,46921,OPTIDX,FINNIFTY,1388673000,1755000,CE
C,3,46925,OPTIDX,FINNIFTY,1388068200,2005000,CE
C,3,47209,OPTIDX,FINNIFTY,1388673000,1720000,CE
C,3,47302,OPTIDX,FINNIFTY,1388068200,2015000,CE
C,3,47313,OPTIDX,FINNIFTY,1388068200,2025000,CE
C,3,47315,OPTIDX,FINNIFTY,1388068200,2035000,CE
C,3,47587,OPTIDX,FINNIFTY,1388068200,2045000,CE
C,3,48071,OPTIDX,FINNIFTY,1386858600,1550000,CE
C,3,48275,OPTIDX,FINNIFTY,1388673000,1730000,CE
C,3,48282,OPTIDX,FINNIFTY,1388673000,1740000,CE
C,3,48293,OPTIDX,FINNIFTY,1388673000,1750000,CE
C,3,48295,OPTIDX,FINNIFTY,1388673000,1760000,CE
C,3,48297,OPTIDX,FINNIFTY,1388673000,1765000,CE
C,3,48299,OPTIDX,FINNIFTY,1388673000,1770000,CE
C,3,48310,OPTIDX,FINNIFTY,1388673000,1775000,CE
C,3,48319,OPTIDX,FINNIFTY,1388673000,1780000,CE
C,3,48336,OPTIDX,FINNIFTY,1388673000,1785000,CE
C,3,48338,OPTIDX,FINNIFTY,1388673000,1790000,CE
C,3,48342,OPTIDX,FINNIFTY,1388673000,1795000,CE
C,3,48369,OPTIDX,FINNIFTY,1388673000,1800000,CE
C,3,48371,OPTIDX,FINNIFTY,1388673000,1805000,CE
C,3,48374,OPTIDX,FINNIFTY,1388673000,1810000,CE
C,3,48376,OPTIDX,FINNIFTY,1388673000,1815000,CE
C,3,48378,OPTIDX,FINNIFTY,1388673000,1820000,CE
C,3,48380,OPTIDX,FINNIFTY,1388673000,1825000,CE
C,3,48382,OPTIDX,FINNIFTY,1388673000,1830000,CE
C,3,48384,OPTIDX,FINNIFTY,1388673000,1835000,CE
C,3,48390,OPTIDX,FINNIFTY,1388673000,1840000,CE
C,3,48392,OPTIDX,FINNIFTY,1388673000,1845000,CE
C,3,48394,OPTIDX,FINNIFTY,1388673000,1850000,CE
C,3,48396,OPTIDX,FINNIFTY,1388673000,1855000,CE
C,3,48398,OPTIDX,FINNIFTY,1388673000,1860000,CE
C,3,48400,OPTIDX,FINNIFTY,1388673000,1865000,CE
C,3,48405,OPTIDX,FINNIFTY,1388673000,1870000,CE
C,3,48411,OPTIDX,FINNIFTY,1388673000,1875000,CE
C,3,48417,OPTIDX,FINNIFTY,1388673000,1880000,CE
C,3,48419,OPTIDX,FINNIFTY,1388673000,1885000,CE
C,3,48423,OPTIDX,FINNIFTY,1388673000,1890000,CE
C,3,48426,OPTIDX,FINNIFTY,1388673000,1895000,CE
C,3,48428,OPTIDX,FINNIFTY,1388673000,1900000,CE
C,3,48430,OPTIDX,FINNIFTY,1388673000,1905000,CE
C,3,48432,OPTIDX,FINNIFTY,1388673000,1910000,CE
C,3,48434,OPTIDX,FINNIFTY,1388673000,1915000,CE
C,3,48440,OPTIDX,FINNIFTY,1388673000,1920000,CE
C,3,48442,OPTIDX,FINNIFTY,1388673000,1925000,CE
C,3,48444,OPTIDX,FINNIFTY,1388673000,1930000,CE
C,3,48446,OPTIDX,FINNIFTY,1388673000,1935000,CE
C,3,48448,OPTIDX,FINNIFTY,1388673000,1940000,CE
C,3,48453,OPTIDX,FINNIFTY,1388673000,1945000,CE
C,3,48463,OPTIDX,FINNIFTY,1388673000,1950000,CE
C,3,48471,OPTIDX,FINNIFTY,1388673000,1955000,CE
C,3,48473,OPTIDX,FINNIFTY,1388673000,1960000,CE
C,3,48483,OPTIDX,FINNIFTY,1388673000,1965000,CE
C,3,48492,OPTIDX,FINNIFTY,1388673000,1970000,CE
C,3,48518,OPTIDX,FINNIFTY,1388673000,1975000,CE
C,3,48520,OPTIDX,FINNIFTY,1388673000,1980000,CE
C,3,48522,OPTIDX,FINNIFTY,1388673000,1985000,CE
C,3,48544,OPTIDX,FINNIFTY,1388673000,1990000,CE
C,3,48549,OPTIDX,FINNIFTY,1388673000,1995000,CE
C,3,48556,OPTIDX,FINNIFTY,1388673000,2000000,CE
C,3,48560,OPTIDX,FINNIFTY,1388673000,2005000,CE
C,3,48565,OPTIDX,FINNIFTY,1388673000,2010000,CE
C,3,48568,OPTIDX,FINNIFTY,1388673000,2015000,CE
C,3,48570,OPTIDX,FINNIFTY,1388673000,2020000,CE
C,3,48572,OPTIDX,FINNIFTY,1388673000,2025000,CE
C,3,48591,OPTIDX,FINNIFTY,1388673000,2030000,CE
C,3,48610,OPTIDX,FINNIFTY,1388673000,2035000,CE
C,3,48614,OPTIDX,FINNIFTY,1388673000,2040000,CE
C,3,48619,OPTIDX,FINNIFTY,1388673000,2045000,CE
C,3,48634,OPTIDX,FINNIFTY,1388673000,2050000,CE
C,3,48642,OPTIDX,FINNIFTY,1388673000,2055000,CE
C,3,48655,OPTIDX,FINNIFTY,1388673000,2060000,CE
C,3,48658,OPTIDX,FINNIFTY,1388673000,2065000,CE
C,3,48666,OPTIDX,FINNIFTY,1388673000,2070000,CE
C,3,48675,OPTIDX,FINNIFTY,1388673000,2075000,CE
C,3,48677,OPTIDX,FINNIFTY,1388673000,2080000,CE
C,3,48687,OPTIDX,FINNIFTY,1388673000,2085000,CE
C,3,48689,OPTIDX,FINNIFTY,1388673000,2090000,CE
C,3,48708,OPTIDX,FINNIFTY,1388673000,2095000,CE
C,3,48710,OPTIDX,FINNIFTY,1388673000,2100000,CE
C,3,48714,OPTIDX,FINNIFTY,1388673000,2105000,CE
C,3,48719,OPTIDX,FINNIFTY,1388673000,2110000,CE
C,3,48725,OPTIDX,FINNIFTY,1388673000,2115000,CE
C,3,48739,OPTIDX,FINNIFTY,1388673000,2120000,CE
C,3,48741,OPTIDX,FINNIFTY,1388673000,2125000,CE
C,3,48743,OPTIDX,FINNIFTY,1388673000,2130000,CE
C,3,48745,OPTIDX,FINNIFTY,1388673000,2135000,CE
C,3,48749,OPTIDX,FINNIFTY,1388673000,2140000,CE
C,3,48760,OPTIDX,FINNIFTY,1388673000,2145000,CE
C,3,48762,OPTIDX,FINNIFTY,1388673000,2150000,CE
C,3,48764,OPTIDX,FINNIFTY,1388673000,2155000,CE
C,3,48767,OPTIDX,FINNIFTY,1388673000,2160000,CE
C,3,48769,OPTIDX,FINNIFTY,1388673000,2170000,CE
C,3,48776,OPTIDX,FINNIFTY,1388673000,2180000,CE
C,3,48778,OPTIDX,FINNIFTY,1388673000,2190000,CE
C,3,48792,OPTIDX,FINNIFTY,1388673000,2200000,CE
C,3,48794,OPTIDX,FINNIFTY,1388673000,2210000,CE
C,3,48804,OPTIDX,FINNIFTY,1388673000,2220000,CE
C,3,48806,OPTIDX,FINNIFTY,1388673000,2230000,CE
C,3,48809,OPTIDX,FINNIFTY,1388673000,2240000,CE
C,3,48812,OPTIDX,FINNIFTY,1388673000,2250000,CE
C,3,48815,OPTIDX,FINNIFTY,1388673000,2260000,CE
C,3,48819,OPTIDX,FINNIFTY,1388673000,2270000,CE
C,3,48827,OPTIDX,FINNIFTY,1388673000,2280000,CE
C,3,48830,OPTIDX,FINNIFTY,1388673000,2290000,CE
C,3,48832,OPTIDX,FINNIFTY,1388673000,2300000,CE
C,3,48834,OPTIDX,FINNIFTY,1388673000,2310000,CE
C,3,48836,OPTIDX,FINNIFTY,1388673000,2320000,CE
C,3,48838,OPTIDX,FINNIFTY,1388673000,2330000,CE
C,3,48840,OPTIDX,FINNIFTY,1388673000,2340000,CE
C,3,48842,OPTIDX,FINNIFTY,1388673000,2350000,CE
C,3,48844,OPTIDX,FINNIFTY,1388673000,2360000,CE
C,3,48850,OPTIDX,NIFTY,1387031400,2280000,CE
C,3,48851,OPTIDX,NIFTY,1387031400,2280000,PE
C,3,50853,OPTIDX,FINNIFTY,1388068200,2055000,CE
C,3,50855,OPTIDX,FINNIFTY,1388068200,2065000,CE
C,3,50865,OPTIDX,FINNIFTY,1388068200,2075000,CE
C,3,50867,OPTIDX,FINNIFTY,1388068200,2085000,CE
C,3,50869,OPTIDX,FINNIFTY,1388068200,2095000,CE
C,3,50871,OPTIDX,FINNIFTY,1388068200,2105000,CE
C,3,50873,OPTIDX,FINNIFTY,1388068200,2115000,CE
C,3,50907,OPTIDX,FINNIFTY,1388068200,2125000,CE
C,3,50909,OPTIDX,FINNIFTY,1388068200,2135000,CE
C,3,50917,OPTIDX,FINNIFTY,1388068200,2145000,CE
C,3,50919,OPTIDX,FINNIFTY,1388068200,2155000,CE
C,3,50921,OPTIDX,FINNIFTY,1388068200,2165000,CE
C,3,50925,OPTIDX,FINNIFTY,1393511400,1350000,CE
C,3,50927,OPTIDX,FINNIFTY,1393511400,1400000,CE
C,3,50929,OPTIDX,FINNIFTY,1393511400,1450000,CE
C,3,50931,OPTIDX,FINNIFTY,1393511400,1500000,CE
C,3,50933,OPTIDX,FINNIFTY,1393511400,1550000,CE
C,3,50935,OPTIDX,FINNIFTY,1393511400,1570000,CE
C,3,50937,OPTIDX,FINNIFTY,1393511400,1580000,CE
C,3,50939,OPTIDX,FINNIFTY,1393511400,1590000,CE
C,3,50942,OPTIDX,FINNIFTY,1393511400,1600000,CE
C,3,50944,OPTIDX,FINNIFTY,1393511400,1610000,CE
C,3,50946,OPTIDX,FINNIFTY,1393511400,1620000,CE
C,3,50948,OPTIDX,FINNIFTY,1393511400,1630000,CE
C,3,50950,OPTIDX,FINNIFTY,1393511400,1640000,CE
C,3,50952,OPTIDX,FINNIFTY,1393511400,1650000,CE
C,3,50954,OPTIDX,FINNIFTY,1393511400,1660000,CE
C,3,50959,OPTIDX,FINNIFTY,1393511400,1670000,CE
C,3,50974,OPTIDX,FINNIFTY,1393511400,1680000,CE
C,3,50977,OPTIDX,FINNIFTY,1393511400,1690000,CE
C,3,50982,OPTIDX,FINNIFTY,1393511400,1700000,CE
C,3,50985,OPTIDX,FINNIFTY,1393511400,1710000,CE
C,3,50987,OPTIDX,FINNIFTY,1393511400,1720000,CE
C,3,50989,OPTIDX,FINNIFTY,1393511400,1730000,CE
C,3,50991,OPTIDX,FINNIFTY,1393511400,1740000,CE
C,3,50993,OPTIDX,FINNIFTY,1393511400,1750000,CE
C,3,50995,OPTIDX,FINNIFTY,1393511400,1760000,CE
C,3,50997,OPTIDX,FINNIFTY,1393511400,1770000,CE
C,3,50999,OPTIDX,FINNIFTY,1393511400,1780000,CE
C,3,51001,OPTIDX,FINNIFTY,1393511400,1790000,CE
C,3,51003,OPTIDX,FINNIFTY,1393511400,1800000,CE
C,3,51005,OPTIDX,FINNIFTY,1393511400,1810000,CE
C,3,51007,OPTIDX,FINNIFTY,1393511400,1820000,CE
C,3,51009,OPTIDX,FINNIFTY,1393511400,1830000,CE
C,3,51011,OPTIDX,FINNIFTY,1393511400,1840000,CE
C,3,51013,OPTIDX,FINNIFTY,1393511400,1850000,CE
C,3,51015,OPTIDX,FINNIFTY,1393511400,1860000,CE
C,3,51017,OPTIDX,FINNIFTY,1393511400,1870000,CE
C,3,51022,OPTIDX,FINNIFTY,1393511400,1880000,CE
C,3,51024,OPTIDX,FINNIFTY,1393511400,1890000,CE
C,3,51026,OPTIDX,FINNIFTY,1393511400,1900000,CE
C,3,51028,OPTIDX,FINNIFTY,1393511400,1910000,CE
C,3,51030,OPTIDX,FINNIFTY,1393511400,1920000,CE
C,3,51032,OPTIDX,FINNIFTY,1393511400,1930000,CE
C,3,51034,OPTIDX,FINNIFTY,1393511400,1940000,CE
C,3,51036,OPTIDX,FINNIFTY,1393511400,1950000,CE
C,3,51038,OPTIDX,FINNIFTY,1393511400,1960000,CE
C,3,51040,OPTIDX,FINNIFTY,1393511400,1970000,CE
C,3,51042,OPTIDX,FINNIFTY,1393511400,1980000,CE
C,3,51045,OPTIDX,FINNIFTY,1393511400,1990000,CE
C,3,51051,OPTIDX,FINNIFTY,1393511400,2000000,CE
C,3,51054,OPTIDX,FINNIFTY,1393511400,2010000,CE
C,3,51056,OPTIDX,FINNIFTY,1393511400,2020000,CE
C,3,51172,OPTIDX,FINNIFTY,1387463400,1550000,CE
C,3,51194,OPTIDX,FINNIFTY,1387463400,1560000,CE
C,3,51200,OPTIDX,FINNIFTY,1387463400,1570000,CE
C,3,51218,OPTIDX,FINNIFTY,1387463400,1580000,CE
C,3,51220,OPTIDX,FINNIFTY,1387463400,1590000,CE
C,3,51222,OPTIDX,FINNIFTY,1387463400,1600000,CE
C,3,51224,OPTIDX,FINNIFTY,1387463400,1610000,CE
C,3,51226,OPTIDX,FINNIFTY,1387463400,1620000,CE
C,3,51228,OPTIDX,FINNIFTY,1387463400,1630000,CE
C,3,51230,OPTIDX,FINNIFTY,1387463400,1640000,CE
C,3,51232,OPTIDX,FINNIFTY,1387463400,1650000,CE
C,3,51235,OPTIDX,FINNIFTY,1387463400,1660000,CE
C,3,51240,OPTIDX,FINNIFTY,1387463400,1670000,CE
C,3,51242,OPTIDX,FINNIFTY,1387463400,1680000,CE
C,3,51253,OPTIDX,FINNIFTY,1387463400,1690000,CE
C,3,51262,OPTIDX,FINNIFTY,1386253800,1540000,CE
C,3,51264,OPTIDX,FINNIFTY,1387463400,1700000,CE
C,3,51265,OPTIDX,FINNIFTY,1386253800,1550000,CE
C,3,51268,OPTIDX,FINNIFTY,1386253800,1560000,CE
C,3,51270,OPTIDX,FINNIFTY,1386253800,1570000,CE
C,3,51272,OPTIDX,FINNIFTY,1386253800,1580000,CE
C,3,51274,OPTIDX,FINNIFTY,1386253800,1590000,CE
C,3,51276,OPTIDX,FINNIFTY,1386253800,1600000,CE
C,3,51278,OPTIDX,FINNIFTY,1386253800,1610000,CE
C,3,51279,OPTIDX,FINNIFTY,1387463400,1710000,CE
C,3,51284,OPTIDX,FINNIFTY,1387463400,1720000,CE
C,3,51288,OPTIDX,FINNIFTY,1387463400,1730000,CE
C,3,51289,OPTIDX,FINNIFTY,1386253800,1620000,CE
C,3,51292,OPTIDX,FINNIFTY,1387463400,1740000,CE
C,3,51294,OPTIDX,FINNIFTY,1387463400,1750000,CE
C,3,51300,OPTIDX,FINNIFTY,1387463400,1755000,CE
C,3,51304,OPTIDX,FINNIFTY,1386253800,1630000,CE
C,3,51306,OPTIDX,FINNIFTY,1386253800,1640000,CE
C,3,51308,OPTIDX,FINNIFTY,1387463400,1760000,CE
C,3,51310,OPTIDX,FINNIFTY,1387463400,1765000,CE
C,3,51312,OPTIDX,FINNIFTY,1387463400,1770000,CE
C,3,51314,OPTIDX,FINNIFTY,1387463400,1775000,CE
C,3,51318,OPTIDX,FINNIFTY,1386253800,1650000,CE
C,3,51320,OPTIDX,FINNIFTY,1387463400,1780000,CE
C,3,51322,OPTIDX,FINNIFTY,1387463400,1785000,CE
C,3,51334,OPTIDX,FINNIFTY,1386253800,1660000,CE
C,3,51339,OPTIDX,FINNIFTY,1387463400,1790000,CE
C,3,51353,OPTIDX,FINNIFTY,1386253800,1670000,CE
C,3,51357,OPTIDX,FINNIFTY,1386253800,1680000,CE
C,3,51368,OPTIDX,FINNIFTY,1386253800,1690000,CE
C,3,51370,OPTIDX,FINNIFTY,1386253800,1700000,CE
C,3,51372,OPTIDX,FINNIFTY,1386253800,1710000,CE
C,3,51376,OPTIDX,FINNIFTY,1386253800,1720000,CE
C,3,51378,OPTIDX,FINNIFTY,1386253800,1730000,CE
C,3,51379,OPTIDX,FINNIFTY,1387463400,1795000,CE
C,3,51381,OPTIDX,FINNIFTY,1387463400,1800000,CE
C,3,51384,OPTIDX,FINNIFTY,1387463400,1805000,CE
C,3,51388,OPTIDX,FINNIFTY,1387463400,1810000,CE
C,3,51391,OPTIDX,FINNIFTY,1387463400,1815000,CE
C,3,51393,OPTIDX,FINNIFTY,1387463400,1820000,CE
C,3,51396,OPTIDX,FINNIFTY,1386253800,1740000,CE
C,3,51399,OPTIDX,FINNIFTY,1386253800,1745000,CE
C,3,51402,OPTIDX,FINNIFTY,1387463400,1825000,CE
C,3,51407,OPTIDX,FINNIFTY,1387463400,1830000,CE
C,3,51409,OPTIDX,FINNIFTY,1387463400,1835000,CE
C,3,51411,OPTIDX,FINNIFTY,1387463400,1840000,CE
C,3,51413,OPTIDX,FINNIFTY,1387463400,1845000,CE
C,3,51415,OPTIDX,FINNIFTY,1387463400,1850000,CE
C,3,51417,OPTIDX,FINNIFTY,1386253800,1750000,CE
C,3,51419,OPTIDX,FINNIFTY,1386253800,1755000,CE
C,3,51423,OPTIDX,FINNIFTY,1386253800,1760000,CE
C,3,51425,OPTIDX,FINNIFTY,1387463400,1855000,CE
C,3,51428,OPTIDX,FINNIFTY,1387463400,1860000,CE
C,3,51429,OPTIDX,FINNIFTY,1386253800,1765000,CE
C,3,51433,OPTIDX,FINNIFTY,1386253800,1770000,CE
C,3,51443,OPTIDX,FINNIFTY,1386253800,1775000,CE
C,3,51454,OPTIDX,FINNIFTY,1386253800,1780000,CE
C,3,51457,OPTIDX,FINNIFTY,1386253800,1785000,CE
C,3,51460,OPTIDX,FINNIFTY,1387463400,1865000,CE
C,3,51462,OPTIDX,FINNIFTY,1387463400,1870000,CE
C,3,51468,OPTIDX,FINNIFTY,1386253800,1790000,CE
C,3,51470,OPTIDX,FINNIFTY,1386253800,1795000,CE
C,3,51472,OPTIDX,FINNIFTY,1387463400,1875000,CE
C,3,51474,OPTIDX,FINNIFTY,1386253800,1800000,CE
C,3,51476,OPTIDX,FINNIFTY,1386253800,1805000,CE
C,3,51480,OPTIDX,FINNIFTY,1387463400,1880000,CE
C,3,51482,OPTIDX,FINNIFTY,1387463400,1885000,CE
C,3,51484,OPTIDX,FINNIFTY,1387463400,1890000,CE
C,3,51486,OPTIDX,FINNIFTY,1387463400,1895000,CE
C,3,51488,OPTIDX,FINNIFTY,1387463400,1900000,CE
C,3,51490,OPTIDX,FINNIFTY,1387463400,1905000,CE
C,3,51505,OPTIDX,FINNIFTY,1386253800,1810000,CE
C,3,51508,OPTIDX,FINNIFTY,1386253800,1815000,CE
C,3,51510,OPTIDX,FINNIFTY,1386253800,1820000,CE
C,3,51513,OPTIDX,FINNIFTY,1387463400,1910000,CE
C,3,51517,OPTIDX,FINNIFTY,1386253800,1825000,CE
C,3,51519,OPTIDX,FINNIFTY,1386253800,1830000,CE
C,3,51521,OPTIDX,FINNIFTY,1386253800,1835000,CE
C,3,51523,OPTIDX,FINNIFTY,1386253800,1840000,CE
C,3,51529,OPTIDX,FINNIFTY,1386253800,1845000,CE
C,3,51531,OPTIDX,FINNIFTY,1386253800,1850000,CE
C,3,51533,OPTIDX,FINNIFTY,1386253800,1855000,CE
C,3,51536,OPTIDX,FINNIFTY,1387463400,1915000,CE
C,3,51538,OPTIDX,FINNIFTY,1387463400,1920000,CE
C,3,51543,OPTIDX,FINNIFTY,1386253800,1860000,CE
C,3,51545,OPTIDX,FINNIFTY,1386253800,1865000,CE
C,3,51548,OPTIDX,FINNIFTY,1387463400,1925000,CE
C,3,51550,OPTIDX,FINNIFTY,1387463400,1930000,CE
C,3,51553,OPTIDX,FINNIFTY,1386253800,1870000,CE
C,3,51555,OPTIDX,FINNIFTY,1386253800,1875000,CE
C,3,51557,OPTIDX,FINNIFTY,1386253800,1880000,CE
C,3,51559,OPTIDX,FINNIFTY,1386253800,1885000,CE
C,3,51561,OPTIDX,FINNIFTY,1386253800,1890000,CE
C,3,51564,OPTIDX,FINNIFTY,1387463400,1935000,CE
C,3,51565,OPTIDX,FINNIFTY,1386253800,1895000,CE
C,3,51567,OPTIDX,FINNIFTY,1386253800,1900000,CE
C,3,51571,OPTIDX,FINNIFTY,1386253800,1905000,CE
C,3,51573,OPTIDX,FINNIFTY,1386253800,1910000,CE
C,3,51575,OPTIDX,FINNIFTY,1386253800,1915000,CE
C,3,51577,OPTIDX,FINNIFTY,1386253800,1920000,CE
C,3,51579,OPTIDX,FINNIFTY,1386253800,1925000,CE
C,3,51581,OPTIDX,FINNIFTY,1386253800,1930000,CE
C,3,51583,OPTIDX,FINNIFTY,1386253800,1935000,CE
C,3,51585,OPTIDX,FINNIFTY,1386253800,1940000,CE
C,3,51588,OPTIDX,FINNIFTY,1386253800,1945000,CE
C,3,51590,OPTIDX,FINNIFTY,1387463400,1940000,CE
C,3,51591,OPTIDX,FINNIFTY,1386253800,1950000,CE
C,3,51595,OPTIDX,FINNIFTY,1386253800,1955000,CE
C,3,51597,OPTIDX,FINNIFTY,1386253800,1960000,CE
C,3,51600,OPTIDX,FINNIFTY,1386253800,1965000,CE
C,3,51602,OPTIDX,FINNIFTY,1387463400,1945000,CE
C,3,51603,OPTIDX,FINNIFTY,1386253800,1970000,CE
C,3,51605,OPTIDX,FINNIFTY,1386253800,1975000,CE
C,3,51607,OPTIDX,FINNIFTY,1386253800,1980000,CE
C,3,51610,OPTIDX,FINNIFTY,1387463400,1950000,CE
C,3,51611,OPTIDX,FINNIFTY,1386253800,1985000,CE
C,3,51613,OPTIDX,FINNIFTY,1386253800,1990000,CE
C,3,51615,OPTIDX,FINNIFTY,1386253800,1995000,CE
C,3,51617,OPTIDX,FINNIFTY,1386253800,2000000,CE
C,3,51619,OPTIDX,FINNIFTY,1386253800,2005000,CE
C,3,51621,OPTIDX,FINNIFTY,1386253800,2010000,CE
C,3,51625,OPTIDX,FINNIFTY,1386253800,2015000,CE
C,3,51627,OPTIDX,FINNIFTY,1387463400,1955000,CE
C,3,51630,OPTIDX,FINNIFTY,1386253800,2020000,CE
C,3,51632,OPTIDX,FINNIFTY,1386253800,2025000,CE
C,3,51634,OPTIDX,FINNIFTY,1386253800,2030000,CE
C,3,51635,OPTIDX,FINNIFTY,1387463400,1960000,CE
C,3,51639,OPTIDX,FINNIFTY,1386253800,2035000,CE
C,3,51641,OPTIDX,FINNIFTY,1386253800,2040000,CE
C,3,51643,OPTIDX,FINNIFTY,1386253800,2045000,CE
C,3,51645,OPTIDX,FINNIFTY,1386253800,2050000,CE
C,3,51647,OPTIDX,FINNIFTY,1386253800,2055000,CE
C,3,51649,OPTIDX,FINNIFTY,1386253800,2060000,CE
C,3,51652,OPTIDX,FINNIFTY,1386253800,2065000,CE
C,3,51654,OPTIDX,FINNIFTY,1386253800,2070000,CE
C,3,51656,OPTIDX,FINNIFTY,1386253800,2075000,CE
C,3,51658,OPTIDX,FINNIFTY,1386253800,2080000,CE
C,3,51662,OPTIDX,FINNIFTY,1387463400,1965000,CE
C,3,51664,OPTIDX,FINNIFTY,1387463400,1970000,CE
C,3,51666,OPTIDX,FINNIFTY,1387463400,1975000,CE
C,3,51668,OPTIDX,FINNIFTY,1386253800,2085000,CE
C,3,51669,OPTIDX,FINNIFTY,1387463400,1980000,CE
C,3,51671,OPTIDX,FINNIFTY,1387463400,1985000,CE
C,3,51673,OPTIDX,FINNIFTY,1387463400,1990000,CE
C,3,51676,OPTIDX,FINNIFTY,1386253800,2090000,CE
C,3,51678,OPTIDX,FINNIFTY,1386253800,2095000,CE
C,3,51680,OPTIDX,FINNIFTY,1386253800,2100000,CE
C,3,51682,OPTIDX,FINNIFTY,1386253800,2105000,CE
C,3,51684,OPTIDX,FINNIFTY,1386253800,2110000,CE
C,3,51686,OPTIDX,FINNIFTY,1386253800,2115000,CE
C,3,51689,OPTIDX,FINNIFTY,1386253800,2120000,CE
C,3,51691,OPTIDX,FINNIFTY,1387463400,1995000,CE
C,3,51694,OPTIDX,FINNIFTY,1386253800,2125000,CE
C,3,51696,OPTIDX,FINNIFTY,1386253800,2130000,CE
C,3,51698,OPTIDX,FINNIFTY,1386253800,2135000,CE
C,3,51700,OPTIDX,FINNIFTY,1386253800,2140000,CE
C,3,51702,OPTIDX,FINNIFTY,1386253800,2150000,CE
C,3,51704,OPTIDX,FINNIFTY,1386253800,2160000,CE
C,3,51706,OPTIDX,FINNIFTY,1386253800,2170000,CE
C,3,51708,OPTIDX,FINNIFTY,1386253800,2180000,CE
C,3,51710,OPTIDX,FINNIFTY,1386253800,2190000,CE
C,3,51712,OPTIDX,FINNIFTY,1386253800,2200000,CE
C,3,51714,OPTIDX,FINNIFTY,1386253800,2210000,CE
C,3,51716,OPTIDX,FINNIFTY,1386253800,2220000,CE
C,3,51717,OPTIDX,FINNIFTY,1387463400,2000000,CE
C,3,51720,OPTIDX,FINNIFTY,1387463400,2005000,CE
C,3,51722,OPTIDX,FINNIFTY,1386253800,2230000,CE
C,3,51723,OPTIDX,FINNIFTY,1387463400,2010000,CE
C,3,51726,OPTIDX,FINNIFTY,1387463400,2015000,CE
C,3,51728,OPTIDX,FINNIFTY,1386253800,2240000,CE
C,3,51730,OPTIDX,FINNIFTY,1386253800,2250000,CE
C,3,51732,OPTIDX,FINNIFTY,1386253800,2260000,CE
C,3,51733,OPTIDX,FINNIFTY,1387463400,2020000,CE
C,3,51735,OPTIDX,FINNIFTY,1387463400,2025000,CE
C,3,51737,OPTIDX,FINNIFTY,1386253800,2270000,CE
C,3,51740,OPTIDX,FINNIFTY,1387463400,2030000,CE
C,3,51742,OPTIDX,FINNIFTY,1387463400,2035000,CE
C,3,51744,OPTIDX,FINNIFTY,1387463400,2040000,CE
C,3,51745,OPTIDX,FINNIFTY,1386253800,2280000,CE
C,3,51747,OPTIDX,FINNIFTY,1386253800,2290000,CE
C,3,51749,OPTIDX,FINNIFTY,1386253800,2300000,CE
C,3,51751,OPTIDX,FINNIFTY,1387463400,2045000,CE
C,3,51753,OPTIDX,FINNIFTY,1387463400,2050000,CE
C,3,51756,OPTIDX,FINNIFTY,1386253800,2310000,CE
C,3,51758,OPTIDX,FINNIFTY,1387463400,2055000,CE
C,3,51759,OPTIDX,FINNIFTY,1386253800,2320000,CE
C,3,51761,OPTIDX,FINNIFTY,1386253800,2330000,CE
C,3,51765,OPTIDX,FINNIFTY,1387463400,2060000,CE
C,3,51767,OPTIDX,FINNIFTY,1386253800,2340000,CE
C,3,51769,OPTIDX,FINNIFTY,1388068200,1540000,CE
C,3,51772,OPTIDX,FINNIFTY,1387463400,2065000,CE
C,3,51774,OPTIDX,FINNIFTY,1387463400,2070000,CE
C,3,51776,OPTIDX,FINNIFTY,1387463400,2075000,CE
C,3,51778,OPTIDX,FINNIFTY,1387463400,2080000,CE
C,3,51780,OPTIDX,FINNIFTY,1387463400,2085000,CE
C,3,51782,OPTIDX,FINNIFTY,1387463400,2090000,CE
C,3,51784,OPTIDX,FINNIFTY,1387463400,2095000,CE
C,3,51786,OPTIDX,FINNIFTY,1387463400,2100000,CE
C,3,51793,OPTIDX,FINNIFTY,1387463400,2105000,CE
C,3,51803,OPTIDX,FINNIFTY,1387463400,2110000,CE
C,3,51813,OPTIDX,FINNIFTY,1387463400,2115000,CE
C,3,51815,OPTIDX,FINNIFTY,1387463400,2120000,CE
C,3,51817,OPTIDX,FINNIFTY,1387463400,2125000,CE
C,3,51819,OPTIDX,FINNIFTY,1387463400,2130000,CE
C,3,51828,OPTIDX,FINNIFTY,1387463400,2135000,CE
C,3,51832,OPTIDX,FINNIFTY,1387463400,2140000,CE
C,3,51838,OPTIDX,FINNIFTY,1387463400,2145000,CE
C,3,51843,OPTIDX,FINNIFTY,1387463400,2150000,CE
C,3,51845,OPTIDX,FINNIFTY,1387463400,2155000,CE
C,3,51859,OPTIDX,FINNIFTY,1387463400,2160000,CE
C,3,51866,OPTIDX,FINNIFTY,1387463400,2170000,CE
C,3,51869,OPTIDX,FINNIFTY,1387463400,2180000,CE
C,3,51874,OPTIDX,FINNIFTY,1387463400,2190000,CE
C,3,51879,OPTIDX,FINNIFTY,1387463400,2200000,CE
C,3,51884,OPTIDX,FINNIFTY,1387463400,2210000,CE
C,3,51896,OPTIDX,FINNIFTY,1387463400,2220000,CE
C,3,51903,OPTIDX,FINNIFTY,1387463400,2230000,CE
C,3,51909,OPTIDX,FINNIFTY,1387463400,2240000,CE
C,3,51911,OPTIDX,FINNIFTY,1387463400,2250000,CE
C,3,51920,OPTIDX,FINNIFTY,1387463400,2260000,CE
C,3,51922,OPTIDX,FINNIFTY,1387463400,2270000,CE
C,3,51924,OPTIDX,FINNIFTY,1387463400,2280000,CE
C,3,51926,OPTIDX,FINNIFTY,1387463400,2290000,CE
C,3,51928,OPTIDX,FINNIFTY,1387463400,2300000,CE
C,3,51932,OPTIDX,FINNIFTY,1387463400,2310000,CE
C,3,51934,OPTIDX,FINNIFTY,1387463400,2320000,CE
C,3,51936,OPTIDX,FINNIFTY,1387463400,2330000,CE
C,3,51941,OPTIDX,FINNIFTY,1387463400,2340000,CE
C,3,51943,OPTIDX,FINNIFTY,1387463400,2350000,CE
C,3,52596,OPTIDX,FINNIFTY,1393511400,2030000,CE
C,3,52598,OPTIDX,FINNIFTY,1393511400,2040000,CE
C,3,54180,OPTIDX,FINNIFTY,1386253800,1520000,CE
C,3,54185,OPTIDX,FINNIFTY,1386253800,1530000,CE
C,3,54188,OPTIDX,FINNIFTY,1386253800,1725000,CE
C,3,54192,OPTIDX,FINNIFTY,1386253800,1735000,CE
C,3,54195,OPTIDX,FINNIFTY,1388068200,1300000,CE
C,3,54198,OPTIDX,FINNIFTY,1388068200,1520000,CE
C,3,54203,OPTIDX,FINNIFTY,1388068200,1530000,CE
C,3,54485,OPTIDX,FINNIFTY,1393511400,2050000,CE
C,3,55060,OPTIDX,FINNIFTY,1393511400,2060000,CE
C,3,55925,OPTIDX,FINNIFTY,1386253800,1490000,CE
C,3,55927,OPTIDX,FINNIFTY,1386253800,1500000,CE
C,3,55929,OPTIDX,FINNIFTY,1386253800,1510000,CE
C,3,55931,OPTIDX,FINNIFTY,1386253800,1695000,CE
C,3,55933,OPTIDX,FINNIFTY,1386253800,1705000,CE
C,3,55937,OPTIDX,FINNIFTY,1386253800,1715000,CE
C,3,55945,OPTIDX,FINNIFTY,1388068200,1490000,CE
C,3,55947,OPTIDX,FINNIFTY,1388068200,1510000,CE
C,3,56015,OPTIDX,FINNIFTY,1393511400,2070000,CE
C,3,56017,OPTIDX,FINNIFTY,1393511400,2080000,CE
C,3,56021,OPTIDX,FINNIFTY,1393511400,2090000,CE
C,3,56023,OPTIDX,FINNIFTY,1393511400,2100000,CE
C,3,56039,OPTIDX,FINNIFTY,1393511400,2110000,CE
C,3,56045,OPTIDX,FINNIFTY,1393511400,2120000,CE
C,3,56679,OPTIDX,FINNIFTY,1393511400,2130000,CE
C,3,57329,OPTIDX,FINNIFTY,1393511400,2140000,CE
C,3,57331,OPTIDX,FINNIFTY,1393511400,2150000,CE
C,3,57333,OPTIDX,FINNIFTY,1393511400,2160000,CE
C,3,57335,OPTIDX,FINNIFTY,1393511400,2170000,CE
C,3,57337,OPTIDX,FINNIFTY,1393511400,2180000,CE
C,3,57341,OPTIDX,FINNIFTY,1393511400,2190000,CE
C,3,57343,OPTIDX,FINNIFTY,1393511400,2200000,CE
C,3,57345,OPTIDX,FINNIFTY,1393511400,2210000,CE
C,3,57347,OPTIDX,FINNIFTY,1393511400,2220000,CE
C,3,57349,OPTIDX,FINNIFTY,1393511400,2230000,CE
C,3,57351,OPTIDX,FINNIFTY,1393511400,2240000,CE
C,3,57354,OPTIDX,FINNIFTY,1393511400,2250000,CE
C,3,57357,OPTIDX,FINNIFTY,1393511400,2260000,CE
C,3,57359,OPTIDX,FINNIFTY,1393511400,2270000,CE
C,3,57361,OPTIDX,FINNIFTY,1393511400,2280000,CE
C,3,57363,OPTIDX,FINNIFTY,1393511400,2290000,CE
C,3,57367,OPTIDX,FINNIFTY,1393511400,2300000,CE
C,3,57369,OPTIDX,FINNIFTY,1393511400,2310000,CE
C,3,57371,OPTIDX,FINNIFTY,1393511400,2320000,CE
C,3,57373,OPTIDX,FINNIFTY,1393511400,2330000,CE
C,3,57375,OPTIDX,FINNIFTY,1393511400,2340000,CE
C,3,57379,OPTIDX,FINNIFTY,1393511400,2350000,CE
C,3,57381,OPTIDX,FINNIFTY,1393511400,2360000,CE
C,3,57383,OPTIDX,FINNIFTY,1393511400,2370000,CE
C,3,57385,OPTIDX,FINNIFTY,1393511400,2400000,CE
C,3,57387,OPTIDX,FINNIFTY,1393511400,2450000,CE
C,3,57389,OPTIDX,FINNIFTY,1393511400,2500000,CE
C,3,57393,OPTIDX,FINNIFTY,1393511400,2550000,CE
C,3,57415,OPTIDX,NIFTY,1387031400,2285000,CE
C,3,57416,OPTIDX,NIFTY,1387031400,2285000,PE
C,3,57417,OPTIDX,NIFTY,1387031400,2290000,CE
C,3,57418,OPTIDX,NIFTY,1387031400,2290000,PE
C,3,57981,OPTIDX,FINNIFTY,1388068200,1400000,CE
C,3,57983,OPTIDX,FINNIFTY,1388068200,1450000,CE
C,3,57985,OPTIDX,FINNIFTY,1388068200,1500000,CE
C,3,57989,OPTIDX,FINNIFTY,1388068200,1550000,CE
C,3,57991,OPTIDX,FINNIFTY,1388068200,1580000,CE
C,3,57993,OPTIDX,FINNIFTY,1388068200,1590000,CE
C,3,58259,OPTIDX,FINNIFTY,1388068200,1600000,CE
C,3,58729,OPTIDX,FINNIFTY,1388068200,1610000,CE
C,3,59586,OPTIDX,FINNIFTY,1388068200,1620000,CE
C,3,59885,OPTIDX,FINNIFTY,1388068200,1630000,CE
C,3,59899,OPTIDX,FINNIFTY,1388068200,1640000,CE
C,3,62106,OPTIDX,FINNIFTY,1388068200,1650000,CE
C,3,62114,OPTIDX,FINNIFTY,1388068200,1660000,CE
C,3,62124,OPTIDX,FINNIFTY,1388068200,1670000,CE
C,3,62126,OPTIDX,FINNIFTY,1388068200,1680000,CE
C,3,62128,OPTIDX,FINNIFTY,1388068200,1690000,CE
C,3,62130,OPTIDX,FINNIFTY,1388068200,1700000,CE
C,3,62132,OPTIDX,FINNIFTY,1388068200,1710000,CE
C,3,62134,OPTIDX,FINNIFTY,1388068200,1720000,CE
C,3,62152,OPTIDX,FINNIFTY,1388068200,1730000,CE
C,3,62154,OPTIDX,FINNIFTY,1388068200,1740000,CE
C,3,62164,OPTIDX,FINNIFTY,1388068200,1750000,CE
C,3,62166,OPTIDX,FINNIFTY,1388068200,1760000,CE
C,3,62201,OPTIDX,FINNIFTY,1388068200,1770000,CE
C,3,62227,OPTIDX,FINNIFTY,1388068200,1780000,CE
C,3,62229,OPTIDX,FINNIFTY,1388068200,1790000,CE
C,3,62330,OPTIDX,FINNIFTY,1388068200,1800000,CE
C,3,62338,OPTIDX,FINNIFTY,1388068200,1810000,CE
C,3,62344,OPTIDX,FINNIFTY,1388068200,1820000,CE
C,3,62355,OPTIDX,FINNIFTY,1388068200,1830000,CE
C,3,62357,OPTIDX,FINNIFTY,1388068200,1840000,CE
C,3,62359,OPTIDX,FINNIFTY,1388068200,1850000,CE
C,3,62373,OPTIDX,FINNIFTY,1388068200,1860000,CE
C,3,62395,OPTIDX,FINNIFTY,1388068200,1870000,CE
C,3,62397,OPTIDX,FINNIFTY,1388068200,1880000,CE
C,3,62399,OPTIDX,FINNIFTY,1388068200,1890000,CE
C,3,62401,OPTIDX,FINNIFTY,1388068200,1900000,CE
C,3,62403,OPTIDX,FINNIFTY,1388068200,1910000,CE
C,3,62405,OPTIDX,FINNIFTY,1388068200,1920000,CE
C,3,62407,OPTIDX,FINNIFTY,1388068200,1930000,CE
C,3,62409,OPTIDX,FINNIFTY,1388068200,1940000,CE
C,3,62533,OPTIDX,FINNIFTY,1388068200,1950000,CE
C,3,62543,OPTIDX,FINNIFTY,1388068200,1960000,CE
C,3,62545,OPTIDX,FINNIFTY,1388068200,1970000,CE
C,3,62674,OPTIDX,FINNIFTY,1388068200,1980000,CE
C,3,62676,OPTIDX,FINNIFTY,1388068200,1990000,CE
C,3,62686,OPTIDX,FINNIFTY,1388068200,2000000,CE
C,3,62688,OPTIDX,FINNIFTY,1388068200,2010000,CE
C,3,62700,OPTIDX,FINNIFTY,1388068200,2020000,CE
C,3,62702,OPTIDX,FINNIFTY,1388068200,2030000,CE
C,3,62704,OPTIDX,FINNIFTY,1388068200,2040000,CE
C,3,62718,OPTIDX,FINNIFTY,1388068200,2050000,CE
C,3,62720,OPTIDX,FINNIFTY,1388068200,2060000,CE
C,3,62726,OPTIDX,FINNIFTY,1388068200,2070000,CE
C,3,62730,OPTIDX,FINNIFTY,1388068200,2080000,CE
C,3,62732,OPTIDX,FINNIFTY,1388068200,2090000,CE
C,3,62734,OPTIDX,FINNIFTY,1388068200,2100000,CE
C,3,62736,OPTIDX,FINNIFTY,1388068200,2110000,CE
C,3,62738,OPTIDX,FINNIFTY,1388068200,2120000,CE
C,3,62740,OPTIDX,FINNIFTY,1388068200,2130000,CE
C,3,62742,OPTIDX,FINNIFTY,1388068200,2140000,CE
C,3,62744,OPTIDX,FINNIFTY,1388068200,2150000,CE
C,3,62746,OPTIDX,FINNIFTY,1388068200,2160000,CE
C,3,62751,OPTIDX,FINNIFTY,1388068200,2170000,CE
C,3,62753,OPTIDX,FINNIFTY,1388068200,2180000,CE
C,3,62755,OPTIDX,FINNIFTY,1388068200,2190000,CE
C,3,62757,OPTIDX,FINNIFTY,1388068200,2200000,CE
C,3,62759,OPTIDX,FINNIFTY,1388068200,2210000,CE
C,3,62761,OPTIDX,FINNIFTY,1388068200,2220000,CE
C,3,62763,OPTIDX,FINNIFTY,1388068200,2230000,CE
C,3,62765,OPTIDX,FINNIFTY,1388068200,2240000,CE
C,3,62767,OPTIDX,FINNIFTY,1388068200,2250000,CE
C,3,62769,OPTIDX,FINNIFTY,1388068200,2260000,CE
C,3,62771,OPTIDX,FINNIFTY,1388068200,2270000,CE
C,3,62773,OPTIDX,FINNIFTY,1388068200,2280000,CE
C,3,62775,OPTIDX,FINNIFTY,1388068200,2290000,CE
C,3,62777,OPTIDX,FINNIFTY,1388068200,2300000,CE
C,3,62779,OPTIDX,FINNIFTY,1388068200,2310000,CE
C,3,62781,OPTIDX,FINNIFTY,1388068200,2320000,CE
C,3,62783,OPTIDX,FINNIFTY,1388068200,2330000,CE
C,3,62785,OPTIDX,FINNIFTY,1388068200,2340000,CE
C,3,62787,OPTIDX,FINNIFTY,1388068200,2350000,CE
C,3,62789,OPTIDX,FINNIFTY,1388068200,2360000,CE
C,3,62791,OPTIDX,FINNIFTY,1388068200,2370000,CE
C,3,62793,OPTIDX,FINNIFTY,1388068200,2380000,CE
C,3,62795,OPTIDX,FINNIFTY,1388068200,2400000,CE
C,3,62797,OPTIDX,FINNIFTY,1388068200,2450000,CE
C,3,62799,OPTIDX,FINNIFTY,1388068200,2500000,CE
C,3,62801,OPTIDX,FINNIFTY,1388068200,2550000,CE
C,3,62803,OPTIDX,FINNIFTY,1388068200,2600000,CE
C,3,64219,OPTIDX,FINNIFTY,1388068200,1350000,CE
C,3,64221,OPTIDX,FINNIFTY,1388068200,1570000,CE
C,3,72344,OPTIDX,FINNIFTY,1386253800,2205000,CE
C,3,72350,OPTIDX,FINNIFTY,1386253800,2410000,CE
C,3,72360,OPTIDX,FINNIFTY,1386858600,2205000,CE
C,3,72362,OPTIDX,FINNIFTY,1386858600,2410000,CE
C,3,72364,OPTIDX,FINNIFTY,1387463400,2205000,CE
C,3,72366,OPTIDX,FINNIFTY,1387463400,2410000,CE
C,3,72368,OPTIDX,FINNIFTY,1388068200,2205000,CE
C,3,72370,OPTIDX,FINNIFTY,1388068200,2410000,CE
C,3,72372,OPTIDX,FINNIFTY,1388673000,2205000,CE
C,3,72376,OPTIDX,FINNIFTY,1388673000,2410000,CE
C,3,72378,OPTIDX,FINNIFTY,1391092200,2410000,CE
C,3,72382,OPTIDX,FINNIFTY,1393511400,2410000,CE
C,3,72414,OPTIDX,NIFTY,1387031400,2315000,CE
C,3,72415,OPTIDX,NIFTY,1387031400,2315000,PE
