C,5,35024,OPTIDX,BANKNIFTY,1386945000,4970000,CE
C,5,35025,OPTIDX,BANKNIFTY,1386945000,4970000,PE
C,5,35026,OPTIDX,BANKNIFTY,1386945000,4980000,CE
C,5,35027,OPTIDX,BANKNIFTY,1386945000,4980000,PE
C,5,35032,OPTIDX,MIDCPNIFTY,1386772200,1035000,CE
C,5,35038,OPTIDX,MIDCPNIFTY,1386772200,1037500,CE
C,5,35051,OPTIDX,MIDCPNIFTY,1391005800,1035000,CE
C,5,35056,OPTIDX,MIDCPNIFTY,1391005800,1037500,CE
C,5,35058,OPTIDX,BANKNIFTY,1386945000,3150000,CE
C,5,35059,OPTIDX,BANKNIFTY,1386945000,3150000,PE
C,5,35074,OPTIDX,BANKNIFTY,1386945000,5700000,CE
C,5,35076,OPTIDX,BANKNIFTY,1386945000,5700000,PE
C,5,35119,OPTIDX,BANKNIFTY,1386945000,3840000,CE
C,5,35120,OPTIDX,BANKNIFTY,1386945000,3840000,PE
C,5,35152,OPTIDX,BANKNIFTY,1386945000,4880000,CE
C,5,35153,OPTIDX,BANKNIFTY,1386945000,4880000,PE
C,5,35154,OPTIDX,BANKNIFTY,1386945000,5600000,CE
C,5,35157,OPTIDX,BANKNIFTY,1386945000,5600000,PE
C,5,35158,OPTIDX,BANKNIFTY,1386945000,3200000,CE
C,5,35162,OPTIDX,BANKNIFTY,1386945000,3200000,PE
C,5,35163,OPTIDX,BANKNIFTY,1386945000,3250000,CE
C,5,35164,OPTIDX,BANKNIFTY,1386945000,3250000,PE
C,5,35171,OPTIDX,BANKNIFTY,1386945000,4930000,CE
C,5,35173,OPTIDX,BANKNIFTY,1386945000,4930000,PE
C,5,35180,OPTIDX,MIDCPNIFTY,1391005800,1002500,CE
C,5,35182,OPTIDX,MIDCPNIFTY,1391005800,1005000,CE
C,5,35234,OPTIDX,BANKNIFTY,1386945000,4940000,CE
C,5,35238,OPTIDX,BANKNIFTY,1386945000,4940000,PE
C,5,35239,OPTIDX,BANKNIFTY,1386945000,4960000,CE
C,5,35241,OPTIDX,BANKNIFTY,1386945000,4960000,PE
C,5,35242,OPTIDX,BANKNIFTY,1386945000,5650000,CE
C,5,35245,OPTIDX,BANKNIFTY,1386945000,5650000,PE
C,5,35254,OPTIDX,MIDCPNIFTY,1391005800,1007500,CE
C,5,35379,OPTIDX,MIDCPNIFTY,1386772200,1095000,CE
C,5,35382,OPTIDX,MIDCPNIFTY,1386772200,1097500,CE
C,5,35384,OPTIDX,MIDCPNIFTY,1386772200,1102500,CE
C,5,35393,OPTIDX,MIDCPNIFTY,1386772200,1220000,CE
C,5,35432,OPTIDX,MIDCPNIFTY,1387377000,1095000,CE
C,5,35434,OPTIDX,MIDCPNIFTY,1387377000,1097500,CE
C,5,35436,OPTIDX,MIDCPNIFTY,1387377000,1102500,CE
C,5,35438,OPTIDX,MIDCPNIFTY,1387377000,1220000,CE
C,5,35440,OPTIDX,MIDCPNIFTY,1387722600,1095000,CE
C,5,35448,OPTIDX,MIDCPNIFTY,1387722600,1097500,CE
C,5,35450,OPTIDX,MIDCPNIFTY,1387722600,1102500,CE
C,5,35568,OPTIDX,MIDCPNIFTY,1387722600,1220000,CE
C,5,35576,OPTIDX,MIDCPNIFTY,1388586600,1095000,CE
C,5,35578,OPTIDX,MIDCPNIFTY,1388586600,1097500,CE
C,5,35585,OPTIDX,MIDCPNIFTY,1388586600,1102500,CE
C,5,35588,OPTIDX,MIDCPNIFTY,1388586600,1220000,CE
C,5,35592,OPTIDX,MIDCPNIFTY,1391005800,1095000,CE
C,5,35596,OPTIDX,MIDCPNIFTY,1391005800,1097500,CE
C,5,35598,OPTIDX,MIDCPNIFTY,1391005800,1102500,CE
C,5,35600,OPTIDX,MIDCPNIFTY,1391005800,1220000,CE
C,5,35608,OPTIDX,MIDCPNIFTY,1393425000,1095000,CE
C,5,35636,OPTIDX,MIDCPNIFTY,1393425000,1097500,CE
C,5,35638,OPTIDX,MIDCPNIFTY,1393425000,1102500,CE
C,5,35640,OPTIDX,MIDCPNIFTY,1393425000,1220000,CE
C,5,36365,OPTIDX,BANKNIFTY,1386945000,3860000,CE
C,5,36366,OPTIDX,BANKNIFTY,1386945000,3860000,PE
C,5,36417,OPTIDX,BANKNIFTY,1386945000,3300000,CE
C,5,36420,OPTIDX,BANKNIFTY,1386945000,3300000,PE
C,5,36421,OPTIDX,BANKNIFTY,1386945000,3350000,CE
C,5,36422,OPTIDX,BANKNIFTY,1386945000,3350000,PE
C,5,36423,OPTIDX,BANKNIFTY,1386945000,3400000,CE
C,5,36428,OPTIDX,BANKNIFTY,1386945000,3400000,PE
C,5,36431,OPTIDX,BANKNIFTY,1386945000,3450000,CE
C,5,36432,OPTIDX,BANKNIFTY,1386945000,3450000,PE
C,5,36433,OPTIDX,BANKNIFTY,1386945000,3500000,CE
C,5,36435,OPTIDX,BANKNIFTY,1386945000,3500000,PE
C,5,36437,OPTIDX,BANKNIFTY,1386945000,3550000,CE
C,5,36438,OPTIDX,BANKNIFTY,1386945000,3550000,PE
C,5,36439,OPTIDX,BANKNIFTY,1386945000,3600000,CE
C,5,36440,OPTIDX,BANKNIFTY,1386945000,3600000,PE
C,5,36444,OPTIDX,BANKNIFTY,1386945000,3650000,CE
C,5,36448,OPTIDX,BANKNIFTY,1386945000,3650000,PE
C,5,36449,OPTIDX,BANKNIFTY,1386945000,3700000,CE
C,5,36450,OPTIDX,BANKNIFTY,1386945000,3700000,PE
C,5,36451,OPTIDX,BANKNIFTY,1386945000,3750000,CE
C,5,36454,OPTIDX,BANKNIFTY,1386945000,3750000,PE
C,5,36626,OPTIDX,MIDCPNIFTY,1391005800,630000,CE
C,5,36630,OPTIDX,MIDCPNIFTY,1391005800,640000,CE
C,5,36636,OPTIDX,MIDCPNIFTY,1391005800,650000,CE
C,5,36648,OPTIDX,MIDCPNIFTY,1391005800,660000,CE
C,5,36650,OPTIDX,MIDCPNIFTY,1391005800,670000,CE
C,5,36652,OPTIDX,MIDCPNIFTY,1391005800,680000,CE
C,5,36654,OPTIDX,MIDCPNIFTY,1391005800,690000,CE
C,5,36658,OPTIDX,MIDCPNIFTY,1391005800,700000,CE
C,5,36674,OPTIDX,MIDCPNIFTY,1391005800,710000,CE
C,5,36697,FUTSTK,051NSETEST,1795876200,0,XX
C,5,36712,OPTIDX,MIDCPNIFTY,1391005800,720000,CE
C,5,36717,OPTIDX,MIDCPNIFTY,1391005800,730000,CE
C,5,36722,OPTIDX,MIDCPNIFTY,1391005800,740000,CE
C,5,36726,OPTIDX,MIDCPNIFTY,1391005800,747500,CE
C,5,36730,OPTIDX,MIDCPNIFTY,1391005800,750000,CE
C,5,36734,OPTIDX,MIDCPNIFTY,1391005800,752500,CE
C,5,36736,OPTIDX,MIDCPNIFTY,1391005800,755000,CE
C,5,36738,OPTIDX,MIDCPNIFTY,1391005800,757500,CE
C,5,36742,OPTIDX,MIDCPNIFTY,1391005800,760000,CE
C,5,36744,OPTIDX,MIDCPNIFTY,1391005800,762500,CE
C,5,36746,OPTIDX,MIDCPNIFTY,1391005800,765000,CE
C,5,36748,OPTIDX,MIDCPNIFTY,1391005800,767500,CE
C,5,36752,OPTIDX,MIDCPNIFTY,1391005800,770000,CE
C,5,36754,OPTIDX,MIDCPNIFTY,1391005800,772500,CE
C,5,36756,OPTIDX,MIDCPNIFTY,1391005800,775000,CE
C,5,36758,OPTIDX,MIDCPNIFTY,1391005800,777500,CE
C,5,36760,OPTIDX,MIDCPNIFTY,1391005800,780000,CE
C,5,36762,OPTIDX,MIDCPNIFTY,1391005800,782500,CE
C,5,36764,OPTIDX,MIDCPNIFTY,1391005800,785000,CE
C,5,36791,OPTIDX,MIDCPNIFTY,1391005800,787500,CE
C,5,36793,OPTIDX,MIDCPNIFTY,1391005800,790000,CE
C,5,36795,OPTIDX,MIDCPNIFTY,1391005800,792500,CE
C,5,36805,OPTIDX,MIDCPNIFTY,1391005800,795000,CE
C,5,36813,OPTIDX,MIDCPNIFTY,1391005800,797500,CE
C,5,36815,OPTIDX,MIDCPNIFTY,1391005800,800000,CE
C,5,36817,OPTIDX,MIDCPNIFTY,1391005800,802500,CE
C,5,36822,OPTIDX,MIDCPNIFTY,1391005800,805000,CE
C,5,36833,OPTIDX,MIDCPNIFTY,1391005800,807500,CE
C,5,36835,OPTIDX,MIDCPNIFTY,1391005800,810000,CE
C,5,36839,OPTIDX,MIDCPNIFTY,1391005800,812500,CE
C,5,36843,OPTIDX,MIDCPNIFTY,1391005800,815000,CE
C,5,36846,OPTIDX,MIDCPNIFTY,1391005800,817500,CE
C,5,36851,OPTIDX,MIDCPNIFTY,1391005800,820000,CE
C,5,36859,OPTIDX,MIDCPNIFTY,1391005800,822500,CE
C,5,36861,OPTIDX,MIDCPNIFTY,1391005800,825000,CE
C,5,36864,OPTIDX,MIDCPNIFTY,1391005800,827500,CE
C,5,36866,OPTIDX,MIDCPNIFTY,1391005800,830000,CE
C,5,36869,OPTIDX,MIDCPNIFTY,1391005800,832500,CE
C,5,36875,OPTIDX,MIDCPNIFTY,1391005800,835000,CE
C,5,36877,OPTIDX,MIDCPNIFTY,1391005800,837500,CE
C,5,36879,OPTIDX,MIDCPNIFTY,1391005800,840000,CE
C,5,36881,OPTIDX,MIDCPNIFTY,1391005800,842500,CE
C,5,36892,OPTIDX,MIDCPNIFTY,1391005800,845000,CE
C,5,36898,OPTIDX,MIDCPNIFTY,1391005800,847500,CE
C,5,36900,OPTIDX,MIDCPNIFTY,1391005800,850000,CE
C,5,36902,OPTIDX,MIDCPNIFTY,1391005800,852500,CE
C,5,36914,OPTIDX,MIDCPNIFTY,1391005800,855000,CE
C,5,36925,OPTIDX,MIDCPNIFTY,1391005800,857500,CE
C,5,36927,OPTIDX,MIDCPNIFTY,1391005800,860000,CE
C,5,36929,OPTIDX,MIDCPNIFTY,1391005800,862500,CE
C,5,36932,OPTIDX,MIDCPNIFTY,1391005800,865000,CE
C,5,36936,OPTIDX,MIDCPNIFTY,1391005800,867500,CE
C,5,36938,OPTIDX,MIDCPNIFTY,1391005800,870000,CE
C,5,36947,OPTIDX,MIDCPNIFTY,1391005800,872500,CE
C,5,36951,OPTIDX,MIDCPNIFTY,1391005800,875000,CE
C,5,36953,OPTIDX,MIDCPNIFTY,1391005800,877500,CE
C,5,36969,OPTIDX,MIDCPNIFTY,1391005800,880000,CE
C,5,36974,OPTIDX,MIDCPNIFTY,1391005800,882500,CE
C,5,36986,OPTIDX,MIDCPNIFTY,1391005800,885000,CE
C,5,37000,OPTIDX,MIDCPNIFTY,1391005800,887500,CE
C,5,37002,OPTIDX,MIDCPNIFTY,1391005800,890000,CE
C,5,37004,OPTIDX,MIDCPNIFTY,1391005800,892500,CE
C,5,37006,OPTIDX,MIDCPNIFTY,1391005800,895000,CE
C,5,37010,OPTIDX,MIDCPNIFTY,1391005800,897500,CE
C,5,37019,OPTIDX,MIDCPNIFTY,1391005800,900000,CE
C,5,37023,OPTIDX,MIDCPNIFTY,1391005800,902500,CE
C,5,37033,OPTIDX,MIDCPNIFTY,1391005800,905000,CE
C,5,37045,OPTIDX,BANKNIFTY,1386945000,4890000,CE
C,5,37046,OPTIDX,BANKNIFTY,1386945000,4890000,PE
C,5,37048,OPTIDX,MIDCPNIFTY,1391005800,907500,CE
C,5,37050,OPTIDX,MIDCPNIFTY,1391005800,910000,CE
C,5,37054,OPTIDX,MIDCPNIFTY,1391005800,912500,CE
C,5,37056,OPTIDX,MIDCPNIFTY,1391005800,915000,CE
C,5,37060,OPTIDX,MIDCPNIFTY,1391005800,917500,CE
C,5,37070,OPTIDX,MIDCPNIFTY,1391005800,920000,CE
C,5,37072,OPTIDX,MIDCPNIFTY,1391005800,922500,CE
C,5,37075,OPTIDX,MIDCPNIFTY,1391005800,925000,CE
C,5,37083,OPTIDX,MIDCPNIFTY,1391005800,927500,CE
C,5,37099,OPTIDX,MIDCPNIFTY,1391005800,930000,CE
C,5,37101,OPTIDX,MIDCPNIFTY,1391005800,932500,CE
C,5,37103,OPTIDX,MIDCPNIFTY,1391005800,935000,CE
C,5,37105,OPTIDX,MIDCPNIFTY,1391005800,1120000,CE
C,5,37112,OPTIDX,MIDCPNIFTY,1391005800,937500,CE
C,5,37121,OPTIDX,MIDCPNIFTY,1391005800,940000,CE
C,5,37127,OPTIDX,MIDCPNIFTY,1391005800,942500,CE
C,5,37133,OPTIDX,MIDCPNIFTY,1391005800,945000,CE
C,5,37143,OPTIDX,MIDCPNIFTY,1391005800,947500,CE
C,5,37145,OPTIDX,MIDCPNIFTY,1391005800,950000,CE
C,5,37151,OPTIDX,MIDCPNIFTY,1391005800,952500,CE
C,5,37156,OPTIDX,MIDCPNIFTY,1391005800,955000,CE
C,5,37168,OPTIDX,MIDCPNIFTY,1391005800,957500,CE
C,5,37171,OPTIDX,MIDCPNIFTY,1391005800,960000,CE
C,5,37179,OPTIDX,MIDCPNIFTY,1391005800,962500,CE
C,5,37181,OPTIDX,MIDCPNIFTY,1391005800,965000,CE
C,5,37183,OPTIDX,MIDCPNIFTY,1391005800,967500,CE
C,5,37185,OPTIDX,MIDCPNIFTY,1391005800,970000,CE
C,5,37189,OPTIDX,MIDCPNIFTY,1391005800,972500,CE
C,5,37191,OPTIDX,MIDCPNIFTY,1391005800,975000,CE
C,5,37193,OPTIDX,MIDCPNIFTY,1391005800,977500,CE
C,5,37195,OPTIDX,MIDCPNIFTY,1391005800,980000,CE
C,5,37201,OPTIDX,MIDCPNIFTY,1391005800,982500,CE
C,5,37203,OPTIDX,MIDCPNIFTY,1391005800,985000,CE
C,5,37205,OPTIDX,MIDCPNIFTY,1391005800,987500,CE
C,5,37207,OPTIDX,MIDCPNIFTY,1391005800,990000,CE
C,5,37220,OPTIDX,MIDCPNIFTY,1391005800,992500,CE
C,5,37222,OPTIDX,MIDCPNIFTY,1391005800,995000,CE
C,5,37226,OPTIDX,MIDCPNIFTY,1391005800,997500,CE
C,5,37231,OPTIDX,MIDCPNIFTY,1391005800,1000000,CE
C,5,37242,OPTIDX,MIDCPNIFTY,1391005800,1010000,CE
C,5,37247,OPTIDX,MIDCPNIFTY,1391005800,1020000,CE
C,5,37249,OPTIDX,MIDCPNIFTY,1391005800,1030000,CE
C,5,37251,OPTIDX,MIDCPNIFTY,1391005800,1040000,CE
C,5,37253,OPTIDX,MIDCPNIFTY,1391005800,1050000,CE
C,5,37255,OPTIDX,MIDCPNIFTY,1391005800,1060000,CE
C,5,37281,OPTIDX,MIDCPNIFTY,1391005800,1070000,CE
C,5,37291,OPTIDX,MIDCPNIFTY,1391005800,1080000,CE
C,5,37293,OPTIDX,MIDCPNIFTY,1391005800,1090000,CE
C,5,37299,OPTIDX,MIDCPNIFTY,1391005800,1100000,CE
C,5,37301,OPTIDX,MIDCPNIFTY,1391005800,1110000,CE
C,5,37678,OPTIDX,BANKNIFTY,1386945000,3800000,CE
C,5,37679,OPTIDX,BANKNIFTY,1386945000,3800000,PE
C,5,37688,OPTIDX,BANKNIFTY,1386945000,3850000,CE
C,5,37689,OPTIDX,BANKNIFTY,1386945000,3850000,PE
C,5,37699,OPTIDX,BANKNIFTY,1386945000,4910000,CE
C,5,37700,OPTIDX,BANKNIFTY,1386945000,4910000,PE
C,5,37701,OPTIDX,BANKNIFTY,1386945000,4920000,CE
C,5,37708,OPTIDX,BANKNIFTY,1386945000,4920000,PE
C,5,38402,OPTIDX,MIDCPNIFTY,1386772200,1047500,CE
C,5,38422,OPTIDX,MIDCPNIFTY,1386772200,1170000,CE
C,5,38424,OPTIDX,MIDCPNIFTY,1387722600,1047500,CE
C,5,38426,OPTIDX,MIDCPNIFTY,1387722600,1170000,CE
C,5,38432,OPTIDX,MIDCPNIFTY,1391005800,1047500,CE
C,5,38450,OPTIDX,MIDCPNIFTY,1391005800,1170000,CE
C,5,38522,OPTIDX,MIDCPNIFTY,1387722600,680000,CE
C,5,38533,OPTIDX,MIDCPNIFTY,1387722600,690000,CE
C,5,38737,OPTIDX,BANKNIFTY,1386945000,3870000,CE
C,5,38739,OPTIDX,BANKNIFTY,1386945000,3870000,PE
C,5,38832,OPTIDX,BANKNIFTY,1386945000,3880000,CE
C,5,38833,OPTIDX,BANKNIFTY,1386945000,3880000,PE
C,5,38834,OPTIDX,BANKNIFTY,1386945000,3890000,CE
C,5,38835,OPTIDX,BANKNIFTY,1386945000,3890000,PE
C,5,38836,OPTIDX,BANKNIFTY,1386945000,3900000,CE
C,5,38837,OPTIDX,BANKNIFTY,1386945000,3900000,PE
C,5,38838,OPTIDX,BANKNIFTY,1386945000,3910000,CE
C,5,38846,OPTIDX,BANKNIFTY,1386945000,3910000,PE
C,5,38848,OPTIDX,BANKNIFTY,1386945000,3920000,CE
C,5,38850,OPTIDX,BANKNIFTY,1386945000,3920000,PE
C,5,38851,OPTIDX,BANKNIFTY,1386945000,3930000,CE
C,5,38854,OPTIDX,BANKNIFTY,1386945000,3930000,PE
C,5,38855,OPTIDX,BANKNIFTY,1386945000,3940000,CE
C,5,38856,OPTIDX,BANKNIFTY,1386945000,3940000,PE
C,5,38859,OPTIDX,BANKNIFTY,1386945000,3950000,CE
C,5,38860,OPTIDX,BANKNIFTY,1386945000,3950000,PE
C,5,38862,OPTIDX,BANKNIFTY,1386945000,3960000,CE
C,5,38863,OPTIDX,BANKNIFTY,1386945000,3960000,PE
C,5,38866,OPTIDX,BANKNIFTY,1386945000,3970000,CE
C,5,38867,OPTIDX,BANKNIFTY,1386945000,3970000,PE
C,5,38868,OPTIDX,BANKNIFTY,1386945000,3980000,CE
C,5,38869,OPTIDX,BANKNIFTY,1386945000,3980000,PE
C,5,38870,OPTIDX,BANKNIFTY,1386945000,3990000,CE
C,5,38871,OPTIDX,BANKNIFTY,1386945000,3990000,PE
C,5,38872,OPTIDX,BANKNIFTY,1386945000,4000000,CE
C,5,38883,OPTIDX,BANKNIFTY,1386945000,4000000,PE
C,5,38884,OPTIDX,BANKNIFTY,1386945000,4010000,CE
C,5,38885,OPTIDX,BANKNIFTY,1386945000,4010000,PE
C,5,38886,OPTIDX,BANKNIFTY,1386945000,4020000,CE
C,5,38887,OPTIDX,BANKNIFTY,1386945000,4020000,PE
C,5,38889,OPTIDX,BANKNIFTY,1386945000,4030000,CE
C,5,38890,OPTIDX,BANKNIFTY,1386945000,4030000,PE
C,5,38893,OPTIDX,BANKNIFTY,1386945000,4040000,CE
C,5,38894,OPTIDX,BANKNIFTY,1386945000,4040000,PE
C,5,38898,OPTIDX,BANKNIFTY,1386945000,4050000,CE
C,5,38899,OPTIDX,BANKNIFTY,1386945000,4050000,PE
C,5,38900,OPTIDX,BANKNIFTY,1386945000,4060000,CE
C,5,38901,OPTIDX,BANKNIFTY,1386945000,4060000,PE
C,5,38902,OPTIDX,BANKNIFTY,1386945000,4070000,CE
C,5,38903,OPTIDX,BANKNIFTY,1386945000,4070000,PE
C,5,38904,OPTIDX,BANKNIFTY,1386945000,4080000,CE
C,5,38905,OPTIDX,BANKNIFTY,1386945000,4080000,PE
C,5,38906,OPTIDX,BANKNIFTY,1386945000,4090000,CE
C,5,38909,OPTIDX,BANKNIFTY,1386945000,4090000,PE
C,5,38910,OPTIDX,BANKNIFTY,1386945000,4100000,CE
C,5,38911,OPTIDX,BANKNIFTY,1386945000,4100000,PE
C,5,38912,OPTIDX,BANKNIFTY,1386945000,4110000,CE
C,5,38915,OPTIDX,BANKNIFTY,1386945000,4110000,PE
C,5,38916,OPTIDX,BANKNIFTY,1386945000,4120000,CE
C,5,38917,OPTIDX,BANKNIFTY,1386945000,4120000,PE
C,5,38918,OPTIDX,BANKNIFTY,1386945000,4130000,CE
C,5,38919,OPTIDX,BANKNIFTY,1386945000,4130000,PE
C,5,38920,OPTIDX,BANKNIFTY,1386945000,4140000,CE
C,5,38934,OPTIDX,BANKNIFTY,1386945000,4140000,PE
C,5,38935,OPTIDX,BANKNIFTY,1386945000,4150000,CE
C,5,38936,OPTIDX,BANKNIFTY,1386945000,4150000,PE
C,5,38937,OPTIDX,BANKNIFTY,1386945000,4160000,CE
C,5,38948,OPTIDX,BANKNIFTY,1386945000,4160000,PE
C,5,38949,OPTIDX,BANKNIFTY,1386945000,4170000,CE
C,5,38954,OPTIDX,BANKNIFTY,1386945000,4170000,PE
C,5,38955,OPTIDX,BANKNIFTY,1386945000,4180000,CE
C,5,38959,OPTIDX,BANKNIFTY,1386945000,4180000,PE
C,5,38963,OPTIDX,BANKNIFTY,1386945000,4190000,CE
C,5,38964,OPTIDX,BANKNIFTY,1386945000,4190000,PE
C,5,38966,OPTIDX,BANKNIFTY,1386945000,4200000,CE
C,5,38971,OPTIDX,BANKNIFTY,1386945000,4200000,PE
C,5,38972,OPTIDX,BANKNIFTY,1386945000,4210000,CE
C,5,38973,OPTIDX,BANKNIFTY,1386945000,4210000,PE
C,5,38974,OPTIDX,BANKNIFTY,1386945000,4220000,CE
C,5,38975,OPTIDX,BANKNIFTY,1386945000,4220000,PE
C,5,38976,OPTIDX,BANKNIFTY,1386945000,4230000,CE
C,5,38977,OPTIDX,BANKNIFTY,1386945000,4230000,PE
C,5,38978,OPTIDX,BANKNIFTY,1386945000,4240000,CE
C,5,38979,OPTIDX,BANKNIFTY,1386945000,4240000,PE
C,5,38980,OPTIDX,BANKNIFTY,1386945000,4250000,CE
C,5,38983,OPTIDX,BANKNIFTY,1386945000,4250000,PE
C,5,38990,OPTIDX,BANKNIFTY,1386945000,4260000,CE
C,5,38991,OPTIDX,BANKNIFTY,1386945000,4260000,PE
C,5,38992,OPTIDX,BANKNIFTY,1386945000,4270000,CE
C,5,38993,OPTIDX,BANKNIFTY,1386945000,4270000,PE
C,5,38994,OPTIDX,BANKNIFTY,1386945000,4280000,CE
C,5,38995,OPTIDX,BANKNIFTY,1386945000,4280000,PE
C,5,38996,OPTIDX,BANKNIFTY,1386945000,4290000,CE
C,5,38999,OPTIDX,BANKNIFTY,1386945000,4290000,PE
C,5,39000,OPTIDX,BANKNIFTY,1386945000,4300000,CE
C,5,39003,OPTIDX,BANKNIFTY,1386945000,4300000,PE
C,5,39004,OPTIDX,BANKNIFTY,1386945000,4310000,CE
C,5,39005,OPTIDX,BANKNIFTY,1386945000,4310000,PE
C,5,39006,OPTIDX,BANKNIFTY,1386945000,4320000,CE
C,5,39007,OPTIDX,BANKNIFTY,1386945000,4320000,PE
C,5,39008,OPTIDX,BANKNIFTY,1386945000,4330000,CE
C,5,39009,OPTIDX,BANKNIFTY,1386945000,4330000,PE
C,5,39010,OPTIDX,BANKNIFTY,1386945000,4340000,CE
C,5,39011,OPTIDX,BANKNIFTY,1386945000,4340000,PE
C,5,39012,OPTIDX,BANKNIFTY,1386945000,4350000,CE
C,5,39013,OPTIDX,BANKNIFTY,1386945000,4350000,PE
C,5,39014,OPTIDX,BANKNIFTY,1386945000,4360000,CE
C,5,39027,OPTIDX,BANKNIFTY,1386945000,4360000,PE
C,5,39028,OPTIDX,BANKNIFTY,1386945000,4370000,CE
C,5,39029,OPTIDX,BANKNIFTY,1386945000,4370000,PE
C,5,39030,OPTIDX,BANKNIFTY,1386945000,4380000,CE
C,5,39041,OPTIDX,BANKNIFTY,1386945000,4380000,PE
C,5,39042,OPTIDX,BANKNIFTY,1386945000,4390000,CE
C,5,39043,OPTIDX,BANKNIFTY,1386945000,4390000,PE
C,5,39044,OPTIDX,BANKNIFTY,1386945000,4400000,CE
C,5,39046,OPTIDX,BANKNIFTY,1386945000,4400000,PE
C,5,39047,OPTIDX,BANKNIFTY,1386945000,4410000,CE
C,5,39048,OPTIDX,BANKNIFTY,1386945000,4410000,PE
C,5,39057,OPTIDX,BANKNIFTY,1386945000,4420000,CE
C,5,39058,OPTIDX,BANKNIFTY,1386945000,4420000,PE
C,5,39059,OPTIDX,BANKNIFTY,1386945000,4430000,CE
C,5,39060,OPTIDX,BANKNIFTY,1386945000,4430000,PE
C,5,39062,OPTIDX,BANKNIFTY,1386945000,4440000,CE
C,5,39064,OPTIDX,BANKNIFTY,1386945000,4440000,PE
C,5,39065,OPTIDX,BANKNIFTY,1386945000,4450000,CE
C,5,39066,OPTIDX,BANKNIFTY,1386945000,4450000,PE
C,5,39067,OPTIDX,BANKNIFTY,1386945000,4460000,CE
C,5,39068,OPTIDX,BANKNIFTY,1386945000,4460000,PE
C,5,39069,OPTIDX,BANKNIFTY,1386945000,4470000,CE
C,5,39070,OPTIDX,BANKNIFTY,1386945000,4470000,PE
C,5,39071,OPTIDX,BANKNIFTY,1386945000,4480000,CE
C,5,39074,OPTIDX,BANKNIFTY,1386945000,4480000,PE
C,5,39075,OPTIDX,BANKNIFTY,1386945000,4490000,CE
C,5,39076,OPTIDX,BANKNIFTY,1386945000,4490000,PE
C,5,39077,OPTIDX,BANKNIFTY,1386945000,4500000,CE
C,5,39078,OPTIDX,BANKNIFTY,1386945000,4500000,PE
C,5,39079,OPTIDX,BANKNIFTY,1386945000,4510000,CE
C,5,39080,OPTIDX,BANKNIFTY,1386945000,4510000,PE
C,5,39081,OPTIDX,BANKNIFTY,1386945000,4520000,CE
C,5,39082,OPTIDX,BANKNIFTY,1386945000,4520000,PE
C,5,39083,OPTIDX,BANKNIFTY,1386945000,4990000,CE
C,5,39084,OPTIDX,BANKNIFTY,1386945000,4530000,CE
C,5,39085,OPTIDX,BANKNIFTY,1386945000,4990000,PE
C,5,39086,OPTIDX,BANKNIFTY,1386945000,4530000,PE
C,5,39087,OPTIDX,BANKNIFTY,1386945000,4540000,CE
C,5,39088,OPTIDX,BANKNIFTY,1386945000,4540000,PE
C,5,39089,OPTIDX,BANKNIFTY,1386945000,4550000,CE
C,5,39090,OPTIDX,BANKNIFTY,1386945000,4550000,PE
C,5,39091,OPTIDX,BANKNIFTY,1386945000,4560000,CE
C,5,39092,OPTIDX,BANKNIFTY,1386945000,5010000,CE
C,5,39093,OPTIDX,BANKNIFTY,1386945000,5010000,PE
C,5,39094,OPTIDX,BANKNIFTY,1386945000,5020000,CE
C,5,39095,OPTIDX,BANKNIFTY,1386945000,5020000,PE
C,5,39096,OPTIDX,BANKNIFTY,1386945000,5030000,CE
C,5,39097,OPTIDX,BANKNIFTY,1386945000,5030000,PE
C,5,39098,OPTIDX,BANKNIFTY,1386945000,4560000,PE
C,5,39100,OPTIDX,BANKNIFTY,1386945000,4570000,CE
C,5,39101,OPTIDX,BANKNIFTY,1386945000,4570000,PE
C,5,39102,OPTIDX,BANKNIFTY,1386945000,4580000,CE
C,5,39103,OPTIDX,BANKNIFTY,1386945000,4580000,PE
C,5,39104,OPTIDX,BANKNIFTY,1386945000,4590000,CE
C,5,39106,OPTIDX,BANKNIFTY,1386945000,4590000,PE
C,5,39107,OPTIDX,BANKNIFTY,1386945000,4600000,CE
C,5,39108,OPTIDX,BANKNIFTY,1386945000,4600000,PE
C,5,39109,OPTIDX,BANKNIFTY,1386945000,4610000,CE
C,5,39110,OPTIDX,BANKNIFTY,1386945000,4610000,PE
C,5,39111,OPTIDX,BANKNIFTY,1386945000,4620000,CE
C,5,39122,OPTIDX,BANKNIFTY,1386945000,5040000,CE
C,5,39123,OPTIDX,BANKNIFTY,1386945000,5040000,PE
C,5,39124,OPTIDX,BANKNIFTY,1386945000,4620000,PE
C,5,39125,OPTIDX,BANKNIFTY,1386945000,4630000,CE
C,5,39126,OPTIDX,BANKNIFTY,1386945000,5060000,CE
C,5,39127,OPTIDX,BANKNIFTY,1386945000,4630000,PE
C,5,39128,OPTIDX,BANKNIFTY,1386945000,5060000,PE
C,5,39129,OPTIDX,BANKNIFTY,1386945000,5070000,CE
C,5,39130,OPTIDX,BANKNIFTY,1386945000,4640000,CE
C,5,39131,OPTIDX,BANKNIFTY,1386945000,5070000,PE
C,5,39134,OPTIDX,BANKNIFTY,1386945000,5080000,CE
C,5,39135,OPTIDX,BANKNIFTY,1386945000,5080000,PE
C,5,39136,OPTIDX,BANKNIFTY,1386945000,5090000,CE
C,5,39141,OPTIDX,BANKNIFTY,1386945000,5090000,PE
C,5,39142,OPTIDX,BANKNIFTY,1386945000,4640000,PE
C,5,39143,OPTIDX,BANKNIFTY,1386945000,4650000,CE
C,5,39144,OPTIDX,BANKNIFTY,1386945000,4650000,PE
C,5,39145,OPTIDX,BANKNIFTY,1386945000,4660000,CE
C,5,39146,OPTIDX,BANKNIFTY,1386945000,4660000,PE
C,5,39151,OPTIDX,BANKNIFTY,1386945000,4670000,CE
C,5,39152,OPTIDX,BANKNIFTY,1386945000,4670000,PE
C,5,39153,OPTIDX,BANKNIFTY,1386945000,4680000,CE
C,5,39154,OPTIDX,BANKNIFTY,1386945000,4680000,PE
C,5,39155,OPTIDX,BANKNIFTY,1386945000,4690000,CE
C,5,39166,OPTIDX,BANKNIFTY,1386945000,5110000,CE
C,5,39167,OPTIDX,BANKNIFTY,1386945000,5110000,PE
C,5,39168,OPTIDX,BANKNIFTY,1386945000,5120000,CE
C,5,39169,OPTIDX,BANKNIFTY,1386945000,4690000,PE
C,5,39170,OPTIDX,BANKNIFTY,1386945000,4700000,CE
C,5,39171,OPTIDX,BANKNIFTY,1386945000,4700000,PE
C,5,39172,OPTIDX,BANKNIFTY,1386945000,4710000,CE
C,5,39173,OPTIDX,BANKNIFTY,1386945000,5120000,PE
C,5,39174,OPTIDX,BANKNIFTY,1386945000,5130000,CE
C,5,39175,OPTIDX,BANKNIFTY,1386945000,5130000,PE
C,5,39176,OPTIDX,BANKNIFTY,1386945000,5140000,CE
C,5,39177,OPTIDX,BANKNIFTY,1386945000,5140000,PE
C,5,39178,OPTIDX,BANKNIFTY,1386945000,5750000,CE
C,5,39179,OPTIDX,BANKNIFTY,1386945000,5750000,PE
C,5,39180,OPTIDX,BANKNIFTY,1386945000,4710000,PE
C,5,39181,OPTIDX,BANKNIFTY,1386945000,4720000,CE
C,5,39182,OPTIDX,BANKNIFTY,1386945000,4720000,PE
C,5,39183,OPTIDX,BANKNIFTY,1386945000,4730000,CE
C,5,39184,OPTIDX,BANKNIFTY,1386945000,4730000,PE
C,5,39187,OPTIDX,BANKNIFTY,1386945000,4740000,CE
C,5,39188,OPTIDX,BANKNIFTY,1386945000,4740000,PE
C,5,39189,OPTIDX,BANKNIFTY,1386945000,4750000,CE
C,5,39190,OPTIDX,BANKNIFTY,1386945000,4750000,PE
C,5,39192,OPTIDX,BANKNIFTY,1386945000,4760000,CE
C,5,39193,OPTIDX,BANKNIFTY,1386945000,4760000,PE
C,5,39194,OPTIDX,BANKNIFTY,1386945000,4770000,CE
C,5,39195,OPTIDX,BANKNIFTY,1386945000,4770000,PE
C,5,39196,OPTIDX,BANKNIFTY,1386945000,4780000,CE
C,5,39197,OPTIDX,BANKNIFTY,1386945000,4780000,PE
C,5,39198,OPTIDX,BANKNIFTY,1386945000,4790000,CE
C,5,39199,OPTIDX,BANKNIFTY,1386945000,4790000,PE
C,5,39200,OPTIDX,BANKNIFTY,1386945000,4800000,CE
C,5,39201,OPTIDX,BANKNIFTY,1386945000,4800000,PE
C,5,39202,OPTIDX,BANKNIFTY,1386945000,4810000,CE
C,5,39204,OPTIDX,BANKNIFTY,1386945000,4810000,PE
C,5,39205,OPTIDX,BANKNIFTY,1386945000,4820000,CE
C,5,39206,OPTIDX,BANKNIFTY,1386945000,4820000,PE
C,5,39207,OPTIDX,BANKNIFTY,1386945000,4830000,CE
C,5,39208,OPTIDX,BANKNIFTY,1386945000,4830000,PE
C,5,39210,OPTIDX,BANKNIFTY,1386945000,4840000,CE
C,5,39212,OPTIDX,BANKNIFTY,1386945000,4840000,PE
C,5,39213,OPTIDX,BANKNIFTY,1386945000,4850000,CE
C,5,39215,OPTIDX,BANKNIFTY,1386945000,4850000,PE
C,5,39216,OPTIDX,BANKNIFTY,1386945000,4860000,CE
C,5,39217,OPTIDX,BANKNIFTY,1386945000,4860000,PE
C,5,39218,OPTIDX,BANKNIFTY,1386945000,4870000,CE
C,5,39220,OPTIDX,BANKNIFTY,1386945000,4870000,PE
C,5,39221,OPTIDX,BANKNIFTY,1386945000,4900000,CE
C,5,39222,OPTIDX,BANKNIFTY,1386945000,4900000,PE
C,5,39223,OPTIDX,BANKNIFTY,1386945000,4950000,CE
C,5,39224,OPTIDX,BANKNIFTY,1386945000,4950000,PE
C,5,39225,OPTIDX,BANKNIFTY,1386945000,5000000,CE
C,5,39226,OPTIDX,BANKNIFTY,1386945000,5000000,PE
C,5,39227,OPTIDX,BANKNIFTY,1386945000,5050000,CE
C,5,39228,OPTIDX,BANKNIFTY,1386945000,5050000,PE
C,5,39229,OPTIDX,BANKNIFTY,1386945000,5100000,CE
C,5,39230,OPTIDX,BANKNIFTY,1386945000,5100000,PE
C,5,39231,OPTIDX,BANKNIFTY,1386945000,5150000,CE
C,5,39233,OPTIDX,BANKNIFTY,1386945000,5150000,PE
C,5,39234,OPTIDX,BANKNIFTY,1386945000,5200000,CE
C,5,39235,OPTIDX,BANKNIFTY,1386945000,5200000,PE
C,5,39236,OPTIDX,BANKNIFTY,1386945000,5250000,CE
C,5,39237,OPTIDX,BANKNIFTY,1386945000,5250000,PE
C,5,39241,OPTIDX,BANKNIFTY,1386945000,5800000,CE
C,5,39242,OPTIDX,BANKNIFTY,1386945000,5800000,PE
C,5,39248,OPTIDX,BANKNIFTY,1386945000,5850000,CE
C,5,39250,OPTIDX,BANKNIFTY,1386945000,5850000,PE
C,5,40286,OPTIDX,MIDCPNIFTY,1386772200,1105000,CE
C,5,40292,OPTIDX,MIDCPNIFTY,1386772200,1107500,CE
C,5,40310,OPTIDX,MIDCPNIFTY,1386772200,1112500,CE
C,5,40315,OPTIDX,MIDCPNIFTY,1386772200,1230000,CE
C,5,40318,OPTIDX,MIDCPNIFTY,1387377000,1105000,CE
C,5,40335,OPTIDX,MIDCPNIFTY,1387377000,1107500,CE
C,5,40343,OPTIDX,MIDCPNIFTY,1387377000,1112500,CE
C,5,40345,OPTIDX,MIDCPNIFTY,1387377000,1230000,CE
C,5,40358,OPTIDX,MIDCPNIFTY,1387722600,1105000,CE
C,5,40360,OPTIDX,MIDCPNIFTY,1387722600,1107500,CE
C,5,40362,OPTIDX,MIDCPNIFTY,1387722600,1112500,CE
C,5,40370,OPTIDX,MIDCPNIFTY,1387722600,1230000,CE
C,5,40378,OPTIDX,MIDCPNIFTY,1388586600,1105000,CE
C,5,40380,OPTIDX,MIDCPNIFTY,1388586600,1107500,CE
C,5,40389,OPTIDX,MIDCPNIFTY,1388586600,1112500,CE
C,5,40392,OPTIDX,MIDCPNIFTY,1388586600,1230000,CE
C,5,40394,OPTIDX,MIDCPNIFTY,1389191400,750000,CE
C,5,40396,OPTIDX,MIDCPNIFTY,1389191400,760000,CE
C,5,40404,OPTIDX,MIDCPNIFTY,1389191400,770000,CE
C,5,40406,OPTIDX,MIDCPNIFTY,1389191400,780000,CE
C,5,40408,OPTIDX,MIDCPNIFTY,1389191400,790000,CE
C,5,40410,OPTIDX,MIDCPNIFTY,1389191400,800000,CE
C,5,40413,OPTIDX,MIDCPNIFTY,1389191400,810000,CE
C,5,40417,OPTIDX,MIDCPNIFTY,1389191400,820000,CE
C,5,40421,OPTIDX,MIDCPNIFTY,1389191400,830000,CE
C,5,40430,OPTIDX,MIDCPNIFTY,1389191400,840000,CE
C,5,40434,OPTIDX,MIDCPNIFTY,1389191400,850000,CE
C,5,40488,OPTIDX,MIDCPNIFTY,1389191400,860000,CE
C,5,40493,OPTIDX,MIDCPNIFTY,1389191400,862500,CE
C,5,40508,OPTIDX,MIDCPNIFTY,1389191400,865000,CE
C,5,40513,OPTIDX,MIDCPNIFTY,1389191400,867500,CE
C,5,40517,OPTIDX,MIDCPNIFTY,1389191400,870000,CE
C,5,40521,OPTIDX,MIDCPNIFTY,1389191400,872500,CE
C,5,40525,OPTIDX,MIDCPNIFTY,1389191400,875000,CE
C,5,40537,OPTIDX,MIDCPNIFTY,1389191400,877500,CE
C,5,40564,OPTIDX,MIDCPNIFTY,1389191400,880000,CE
C,5,40569,OPTIDX,MIDCPNIFTY,1389191400,882500,CE
C,5,40575,OPTIDX,MIDCPNIFTY,1386772200,1062500,CE
C,5,40583,OPTIDX,MIDCPNIFTY,1386772200,1065000,CE
C,5,40642,OPTIDX,MIDCPNIFTY,1389191400,885000,CE
C,5,40646,OPTIDX,MIDCPNIFTY,1389191400,887500,CE
C,5,40649,OPTIDX,MIDCPNIFTY,1389191400,890000,CE
C,5,40652,OPTIDX,MIDCPNIFTY,1389191400,892500,CE
C,5,40654,OPTIDX,MIDCPNIFTY,1389191400,895000,CE
C,5,40658,OPTIDX,MIDCPNIFTY,1389191400,897500,CE
C,5,40660,OPTIDX,MIDCPNIFTY,1389191400,900000,CE
C,5,40679,OPTIDX,MIDCPNIFTY,1389191400,902500,CE
C,5,40681,OPTIDX,MIDCPNIFTY,1389191400,905000,CE
C,5,40693,OPTIDX,MIDCPNIFTY,1389191400,907500,CE
C,5,40695,OPTIDX,MIDCPNIFTY,1389191400,910000,CE
C,5,40701,OPTIDX,MIDCPNIFTY,1389191400,912500,CE
C,5,40709,OPTIDX,MIDCPNIFTY,1387722600,700000,CE
C,5,40711,OPTIDX,MIDCPNIFTY,1387722600,710000,CE
C,5,40715,OPTIDX,MIDCPNIFTY,1387722600,720000,CE
C,5,40721,OPTIDX,MIDCPNIFTY,1389191400,915000,CE
C,5,40723,OPTIDX,MIDCPNIFTY,1389191400,917500,CE
C,5,40737,OPTIDX,MIDCPNIFTY,1387722600,730000,CE
C,5,40739,OPTIDX,MIDCPNIFTY,1389191400,920000,CE
C,5,40743,OPTIDX,MIDCPNIFTY,1387722600,740000,CE
C,5,40758,OPTIDX,MIDCPNIFTY,1389191400,922500,CE
C,5,40760,OPTIDX,MIDCPNIFTY,1389191400,925000,CE
C,5,40826,OPTIDX,MIDCPNIFTY,1389191400,927500,CE
C,5,40833,OPTIDX,MIDCPNIFTY,1389191400,930000,CE
C,5,40837,OPTIDX,MIDCPNIFTY,1389191400,932500,CE
C,5,40840,OPTIDX,MIDCPNIFTY,1389191400,935000,CE
C,5,40843,OPTIDX,MIDCPNIFTY,1389191400,937500,CE
C,5,40845,OPTIDX,MIDCPNIFTY,1389191400,940000,CE
C,5,40847,OPTIDX,MIDCPNIFTY,1389191400,942500,CE
C,5,40875,OPTIDX,MIDCPNIFTY,1389191400,945000,CE
C,5,40879,OPTIDX,MIDCPNIFTY,1389191400,947500,CE
C,5,40884,OPTIDX,MIDCPNIFTY,1389191400,950000,CE
C,5,40886,OPTIDX,MIDCPNIFTY,1389191400,952500,CE
C,5,40931,OPTIDX,MIDCPNIFTY,1389191400,955000,CE
C,5,40933,OPTIDX,MIDCPNIFTY,1389191400,957500,CE
C,5,40942,OPTIDX,MIDCPNIFTY,1389191400,960000,CE
C,5,40961,OPTIDX,MIDCPNIFTY,1389191400,962500,CE
C,5,40964,OPTIDX,MIDCPNIFTY,1389191400,965000,CE
C,5,40970,OPTIDX,MIDCPNIFTY,1389191400,967500,CE
C,5,40972,OPTIDX,MIDCPNIFTY,1389191400,970000,CE
C,5,40974,OPTIDX,MIDCPNIFTY,1389191400,972500,CE
C,5,40978,OPTIDX,MIDCPNIFTY,1389191400,975000,CE
C,5,40980,OPTIDX,MIDCPNIFTY,1389191400,977500,CE
C,5,40983,OPTIDX,MIDCPNIFTY,1389191400,980000,CE
C,5,40990,OPTIDX,MIDCPNIFTY,1389191400,982500,CE
C,5,40992,OPTIDX,MIDCPNIFTY,1389191400,985000,CE
C,5,41000,OPTIDX,MIDCPNIFTY,1389191400,987500,CE
C,5,41002,OPTIDX,MIDCPNIFTY,1389191400,990000,CE
C,5,41021,OPTIDX,MIDCPNIFTY,1386772200,1067500,CE
C,5,41024,OPTIDX,MIDCPNIFTY,1386772200,1180000,CE
C,5,41036,OPTIDX,MIDCPNIFTY,1386772200,1190000,CE
C,5,41047,OPTIDX,BANKNIFTY,1386945000,5300000,CE
C,5,41051,OPTIDX,BANKNIFTY,1386945000,5300000,PE
C,5,41053,OPTIDX,BANKNIFTY,1386945000,5350000,CE
C,5,41056,OPTIDX,BANKNIFTY,1386945000,5350000,PE
C,5,41069,OPTIDX,MIDCPNIFTY,1389191400,992500,CE
C,5,41085,OPTIDX,MIDCPNIFTY,1389191400,995000,CE
C,5,41087,OPTIDX,MIDCPNIFTY,1389191400,997500,CE
C,5,41089,OPTIDX,MIDCPNIFTY,1389191400,1000000,CE
C,5,41091,OPTIDX,MIDCPNIFTY,1389191400,1002500,CE
C,5,41093,OPTIDX,MIDCPNIFTY,1389191400,1005000,CE
C,5,41095,OPTIDX,MIDCPNIFTY,1389191400,1007500,CE
C,5,41097,OPTIDX,MIDCPNIFTY,1389191400,1010000,CE
C,5,41099,OPTIDX,MIDCPNIFTY,1387377000,1062500,CE
C,5,41101,OPTIDX,MIDCPNIFTY,1387377000,1065000,CE
C,5,41103,OPTIDX,MIDCPNIFTY,1387377000,1067500,CE
C,5,41105,OPTIDX,MIDCPNIFTY,1387377000,1180000,CE
C,5,41108,OPTIDX,MIDCPNIFTY,1387377000,1190000,CE
C,5,41110,OPTIDX,MIDCPNIFTY,1387722600,1062500,CE
C,5,41114,OPTIDX,MIDCPNIFTY,1387722600,1065000,CE
C,5,41116,OPTIDX,MIDCPNIFTY,1387722600,1067500,CE
C,5,41124,OPTIDX,MIDCPNIFTY,1387722600,1180000,CE
C,5,41128,OPTIDX,MIDCPNIFTY,1387722600,1190000,CE
C,5,41130,OPTIDX,MIDCPNIFTY,1389191400,1012500,CE
C,5,41133,OPTIDX,MIDCPNIFTY,1389191400,1015000,CE
C,5,41141,OPTIDX,MIDCPNIFTY,1389191400,1017500,CE
C,5,41147,OPTIDX,MIDCPNIFTY,1389191400,1020000,CE
C,5,41152,OPTIDX,MIDCPNIFTY,1391005800,1062500,CE
C,5,41155,OPTIDX,MIDCPNIFTY,1391005800,1065000,CE
C,5,41157,OPTIDX,MIDCPNIFTY,1391005800,1067500,CE
C,5,41160,OPTIDX,MIDCPNIFTY,1391005800,1180000,CE
C,5,41178,OPTIDX,MIDCPNIFTY,1391005800,1190000,CE
C,5,41181,OPTIDX,MIDCPNIFTY,1393425000,710000,CE
C,5,41189,OPTIDX,MIDCPNIFTY,1389191400,1022500,CE
C,5,41202,OPTIDX,MIDCPNIFTY,1389191400,1025000,CE
C,5,41207,OPTIDX,MIDCPNIFTY,1389191400,1027500,CE
C,5,41254,OPTIDX,MIDCPNIFTY,1389191400,1030000,CE
C,5,41264,OPTIDX,MIDCPNIFTY,1389191400,1032500,CE
C,5,41296,OPTIDX,MIDCPNIFTY,1389191400,1035000,CE
C,5,41302,OPTIDX,MIDCPNIFTY,1389191400,1037500,CE
C,5,41305,OPTIDX,MIDCPNIFTY,1389191400,1040000,CE
C,5,41311,OPTIDX,MIDCPNIFTY,1389191400,1042500,CE
C,5,41321,OPTIDX,MIDCPNIFTY,1389191400,1045000,CE
C,5,41325,OPTIDX,MIDCPNIFTY,1389191400,1047500,CE
C,5,41335,OPTIDX,MIDCPNIFTY,1389191400,1050000,CE
C,5,41337,OPTIDX,MIDCPNIFTY,1389191400,1052500,CE
C,5,41345,OPTIDX,MIDCPNIFTY,1389191400,1055000,CE
C,5,41370,OPTIDX,MIDCPNIFTY,1389191400,1057500,CE
C,5,41377,OPTIDX,MIDCPNIFTY,1389191400,1060000,CE
C,5,41381,OPTIDX,MIDCPNIFTY,1389191400,1062500,CE
C,5,41384,OPTIDX,MIDCPNIFTY,1389191400,1065000,CE
C,5,41390,OPTIDX,MIDCPNIFTY,1389191400,1067500,CE
C,5,41395,OPTIDX,MIDCPNIFTY,1389191400,1070000,CE
C,5,41397,OPTIDX,MIDCPNIFTY,1389191400,1072500,CE
C,5,41407,OPTIDX,MIDCPNIFTY,1389191400,1075000,CE
C,5,41409,OPTIDX,MIDCPNIFTY,1389191400,1077500,CE
C,5,41411,OPTIDX,MIDCPNIFTY,1389191400,1080000,CE
C,5,41416,OPTIDX,MIDCPNIFTY,1389191400,1082500,CE
C,5,41422,OPTIDX,MIDCPNIFTY,1389191400,1085000,CE
C,5,41462,OPTIDX,MIDCPNIFTY,1389191400,1087500,CE
C,5,41468,OPTIDX,MIDCPNIFTY,1389191400,1090000,CE
C,5,41477,OPTIDX,MIDCPNIFTY,1389191400,1092500,CE
C,5,41489,OPTIDX,MIDCPNIFTY,1389191400,1095000,CE
C,5,41491,OPTIDX,MIDCPNIFTY,1389191400,1097500,CE
C,5,41493,OPTIDX,MIDCPNIFTY,1389191400,1100000,CE
C,5,41505,OPTIDX,MIDCPNIFTY,1389191400,1102500,CE
C,5,41507,OPTIDX,MIDCPNIFTY,1389191400,1105000,CE
C,5,41519,OPTIDX,MIDCPNIFTY,1389191400,1107500,CE
C,5,41539,OPTIDX,MIDCPNIFTY,1389191400,1110000,CE
C,5,41545,OPTIDX,MIDCPNIFTY,1389191400,1112500,CE
C,5,41547,OPTIDX,MIDCPNIFTY,1389191400,1120000,CE
C,5,41564,OPTIDX,MIDCPNIFTY,1389191400,1130000,CE
C,5,41579,OPTIDX,MIDCPNIFTY,1389191400,1140000,CE
C,5,41581,OPTIDX,MIDCPNIFTY,1389191400,1150000,CE
C,5,41595,OPTIDX,MIDCPNIFTY,1389191400,1160000,CE
C,5,41601,OPTIDX,MIDCPNIFTY,1389191400,1170000,CE
C,5,41605,OPTIDX,MIDCPNIFTY,1389191400,1180000,CE
C,5,41611,OPTIDX,MIDCPNIFTY,1389191400,1190000,CE
C,5,41613,OPTIDX,MIDCPNIFTY,1389191400,1200000,CE
C,5,41630,OPTIDX,MIDCPNIFTY,1389191400,1210000,CE
C,5,41632,OPTIDX,MIDCPNIFTY,1389191400,1220000,CE
C,5,41654,OPTIDX,MIDCPNIFTY,1389191400,1230000,CE
C,5,41666,OPTIDX,MIDCPNIFTY,1391005800,1105000,CE
C,5,41671,OPTIDX,MIDCPNIFTY,1391005800,1107500,CE
C,5,41694,OPTIDX,MIDCPNIFTY,1391005800,1112500,CE
C,5,41698,OPTIDX,MIDCPNIFTY,1391005800,1230000,CE
C,5,41700,OPTIDX,MIDCPNIFTY,1393425000,1105000,CE
C,5,41703,OPTIDX,MIDCPNIFTY,1393425000,1107500,CE
C,5,41721,OPTIDX,MIDCPNIFTY,1393425000,1112500,CE
C,5,41724,OPTIDX,MIDCPNIFTY,1393425000,1230000,CE
C,5,42199,OPTIDX,MIDCPNIFTY,1386772200,1082500,CE
C,5,42203,OPTIDX,MIDCPNIFTY,1386772200,1085000,CE
C,5,42209,OPTIDX,MIDCPNIFTY,1386772200,1087500,CE
C,5,42219,OPTIDX,MIDCPNIFTY,1386772200,1200000,CE
C,5,42223,OPTIDX,MIDCPNIFTY,1387377000,1082500,CE
C,5,42225,OPTIDX,MIDCPNIFTY,1387377000,1085000,CE
C,5,42228,OPTIDX,MIDCPNIFTY,1387377000,1087500,CE
C,5,42344,OPTIDX,MIDCPNIFTY,1386772200,1042500,CE
C,5,42373,OPTIDX,MIDCPNIFTY,1386772200,1045000,CE
C,5,42377,OPTIDX,MIDCPNIFTY,1386772200,1160000,CE
C,5,42383,OPTIDX,MIDCPNIFTY,1391005800,1042500,CE
C,5,42388,OPTIDX,MIDCPNIFTY,1391005800,1045000,CE
C,5,42393,OPTIDX,MIDCPNIFTY,1387377000,1200000,CE
C,5,42396,OPTIDX,MIDCPNIFTY,1391005800,1160000,CE
C,5,42402,OPTIDX,MIDCPNIFTY,1387722600,1082500,CE
C,5,42404,OPTIDX,MIDCPNIFTY,1387722600,1085000,CE
C,5,42412,OPTIDX,MIDCPNIFTY,1387722600,1087500,CE
C,5,42414,OPTIDX,MIDCPNIFTY,1387722600,1200000,CE
C,5,42416,OPTIDX,MIDCPNIFTY,1388586600,1082500,CE
C,5,42421,OPTIDX,MIDCPNIFTY,1388586600,1085000,CE
C,5,42425,OPTIDX,MIDCPNIFTY,1388586600,1087500,CE
C,5,42428,OPTIDX,MIDCPNIFTY,1388586600,1200000,CE
C,5,42430,OPTIDX,MIDCPNIFTY,1391005800,1082500,CE
C,5,42437,OPTIDX,MIDCPNIFTY,1391005800,1085000,CE
C,5,42441,OPTIDX,MIDCPNIFTY,1391005800,1087500,CE
C,5,42447,OPTIDX,MIDCPNIFTY,1391005800,1200000,CE
C,5,42450,OPTIDX,MIDCPNIFTY,1393425000,1082500,CE
C,5,42452,OPTIDX,MIDCPNIFTY,1393425000,1085000,CE
C,5,42460,OPTIDX,MIDCPNIFTY,1393425000,1087500,CE
C,5,42462,OPTIDX,MIDCPNIFTY,1393425000,1200000,CE
C,5,42737,OPTIDX,MIDCPNIFTY,1387722600,750000,CE
C,5,42739,OPTIDX,MIDCPNIFTY,1387722600,760000,CE
C,5,42745,OPTIDX,MIDCPNIFTY,1387722600,770000,CE
C,5,42750,OPTIDX,MIDCPNIFTY,1387722600,780000,CE
C,5,42810,OPTIDX,MIDCPNIFTY,1387722600,790000,CE
C,5,44210,OPTIDX,MIDCPNIFTY,1387722600,650000,CE
C,5,44212,OPTIDX,MIDCPNIFTY,1387722600,772500,CE
C,5,44214,OPTIDX,MIDCPNIFTY,1387722600,775000,CE
C,5,44237,OPTIDX,MIDCPNIFTY,1391005800,1012500,CE
C,5,44239,OPTIDX,MIDCPNIFTY,1391005800,1015000,CE
C,5,44241,OPTIDX,MIDCPNIFTY,1391005800,1130000,CE
C,5,44393,OPTIDX,MIDCPNIFTY,1393425000,720000,CE
C,5,44861,OPTIDX,BANKNIFTY,1386945000,5400000,CE
C,5,44862,OPTIDX,BANKNIFTY,1386945000,5400000,PE
C,5,44863,OPTIDX,BANKNIFTY,1386945000,5450000,CE
C,5,44866,OPTIDX,BANKNIFTY,1386945000,5450000,PE
C,5,44905,OPTIDX,MIDCPNIFTY,1393425000,730000,CE
C,5,44971,OPTIDX,MIDCPNIFTY,1393425000,740000,CE
C,5,45024,OPTIDX,MIDCPNIFTY,1386772200,1052500,CE
C,5,45026,OPTIDX,MIDCPNIFTY,1386772200,1055000,CE
C,5,45030,OPTIDX,MIDCPNIFTY,1386772200,1057500,CE
C,5,45032,OPTIDX,MIDCPNIFTY,1387377000,1052500,CE
C,5,45034,OPTIDX,MIDCPNIFTY,1387377000,1055000,CE
C,5,45036,OPTIDX,MIDCPNIFTY,1387377000,1057500,CE
C,5,45042,OPTIDX,MIDCPNIFTY,1387377000,1170000,CE
C,5,45044,OPTIDX,MIDCPNIFTY,1387722600,1052500,CE
C,5,45046,OPTIDX,MIDCPNIFTY,1387722600,1055000,CE
C,5,45048,OPTIDX,MIDCPNIFTY,1387722600,1057500,CE
C,5,45050,OPTIDX,MIDCPNIFTY,1391005800,1052500,CE
C,5,45054,OPTIDX,MIDCPNIFTY,1391005800,1055000,CE
C,5,45062,OPTIDX,MIDCPNIFTY,1391005800,1057500,CE
C,5,45067,OPTIDX,MIDCPNIFTY,1393425000,750000,CE
C,5,45069,OPTIDX,MIDCPNIFTY,1393425000,760000,CE
C,5,45147,OPTIDX,MIDCPNIFTY,1393425000,770000,CE
C,5,45391,OPTIDX,MIDCPNIFTY,1393425000,780000,CE
C,5,45393,OPTIDX,MIDCPNIFTY,1393425000,790000,CE
C,5,45395,OPTIDX,MIDCPNIFTY,1393425000,800000,CE
C,5,45614,OPTIDX,MIDCPNIFTY,1386772200,660000,CE
C,5,45616,OPTIDX,MIDCPNIFTY,1386772200,670000,CE
C,5,45620,OPTIDX,MIDCPNIFTY,1386772200,680000,CE
C,5,45629,OPTIDX,MIDCPNIFTY,1386772200,690000,CE
C,5,45637,OPTIDX,MIDCPNIFTY,1386772200,700000,CE
C,5,45639,OPTIDX,MIDCPNIFTY,1386772200,710000,CE
C,5,45641,OPTIDX,MIDCPNIFTY,1386772200,720000,CE
C,5,45643,OPTIDX,MIDCPNIFTY,1386772200,730000,CE
C,5,45649,OPTIDX,MIDCPNIFTY,1386772200,740000,CE
C,5,45654,OPTIDX,MIDCPNIFTY,1386772200,750000,CE
C,5,45669,OPTIDX,MIDCPNIFTY,1386772200,760000,CE
C,5,45671,OPTIDX,MIDCPNIFTY,1386772200,770000,CE
C,5,45673,OPTIDX,MIDCPNIFTY,1386772200,772500,CE
C,5,45675,OPTIDX,MIDCPNIFTY,1386772200,775000,CE
C,5,45677,OPTIDX,MIDCPNIFTY,1386772200,777500,CE
C,5,45683,OPTIDX,MIDCPNIFTY,1386772200,780000,CE
C,5,45685,OPTIDX,MIDCPNIFTY,1386772200,782500,CE
C,5,45687,OPTIDX,MIDCPNIFTY,1386772200,785000,CE
C,5,45689,OPTIDX,MIDCPNIFTY,1386772200,787500,CE
C,5,45701,OPTIDX,MIDCPNIFTY,1386772200,790000,CE
C,5,45703,OPTIDX,MIDCPNIFTY,1386772200,792500,CE
C,5,45710,OPTIDX,MIDCPNIFTY,1386772200,795000,CE
C,5,45714,OPTIDX,MIDCPNIFTY,1386772200,797500,CE
C,5,45717,OPTIDX,MIDCPNIFTY,1386772200,800000,CE
C,5,45719,OPTIDX,MIDCPNIFTY,1386772200,802500,CE
C,5,45721,OPTIDX,MIDCPNIFTY,1386772200,805000,CE
C,5,45723,OPTIDX,MIDCPNIFTY,1386772200,807500,CE
C,5,45729,OPTIDX,MIDCPNIFTY,1386772200,810000,CE
C,5,45731,OPTIDX,MIDCPNIFTY,1386772200,812500,CE
C,5,45734,OPTIDX,MIDCPNIFTY,1386772200,815000,CE
C,5,45740,OPTIDX,MIDCPNIFTY,1386772200,817500,CE
C,5,45742,OPTIDX,MIDCPNIFTY,1386772200,820000,CE
C,5,45745,OPTIDX,MIDCPNIFTY,1386772200,822500,CE
C,5,45749,OPTIDX,MIDCPNIFTY,1393425000,810000,CE
C,5,45751,OPTIDX,MIDCPNIFTY,1386772200,825000,CE
C,5,45753,OPTIDX,MIDCPNIFTY,1386772200,827500,CE
C,5,45757,OPTIDX,MIDCPNIFTY,1386772200,830000,CE
C,5,45761,OPTIDX,MIDCPNIFTY,1386772200,832500,CE
C,5,45764,OPTIDX,MIDCPNIFTY,1386772200,835000,CE
C,5,45766,OPTIDX,MIDCPNIFTY,1386772200,837500,CE
C,5,45771,OPTIDX,MIDCPNIFTY,1386772200,840000,CE
C,5,45781,OPTIDX,MIDCPNIFTY,1386772200,842500,CE
C,5,45791,OPTIDX,MIDCPNIFTY,1386772200,845000,CE
C,5,45799,OPTIDX,MIDCPNIFTY,1386772200,847500,CE
C,5,45807,OPTIDX,MIDCPNIFTY,1386772200,850000,CE
C,5,45809,OPTIDX,MIDCPNIFTY,1386772200,852500,CE
C,5,45811,OPTIDX,MIDCPNIFTY,1386772200,855000,CE
C,5,45813,OPTIDX,MIDCPNIFTY,1386772200,857500,CE
C,5,45815,OPTIDX,MIDCPNIFTY,1386772200,860000,CE
C,5,45818,OPTIDX,MIDCPNIFTY,1386772200,862500,CE
C,5,45825,OPTIDX,MIDCPNIFTY,1386772200,865000,CE
C,5,45827,OPTIDX,MIDCPNIFTY,1386772200,867500,CE
C,5,45829,OPTIDX,MIDCPNIFTY,1386772200,870000,CE
C,5,45835,OPTIDX,MIDCPNIFTY,1386772200,872500,CE
C,5,45841,OPTIDX,MIDCPNIFTY,1386772200,875000,CE
C,5,45843,OPTIDX,MIDCPNIFTY,1386772200,877500,CE
C,5,45845,OPTIDX,MIDCPNIFTY,1386772200,880000,CE
C,5,45847,OPTIDX,MIDCPNIFTY,1386772200,882500,CE
C,5,45849,OPTIDX,MIDCPNIFTY,1386772200,885000,CE
C,5,45851,OPTIDX,MIDCPNIFTY,1386772200,887500,CE
C,5,45855,OPTIDX,MIDCPNIFTY,1386772200,890000,CE
C,5,45861,OPTIDX,MIDCPNIFTY,1386772200,892500,CE
C,5,45877,OPTIDX,MIDCPNIFTY,1386772200,895000,CE
C,5,45879,OPTIDX,MIDCPNIFTY,1386772200,897500,CE
C,5,45881,OPTIDX,MIDCPNIFTY,1386772200,900000,CE
C,5,45886,OPTIDX,MIDCPNIFTY,1386772200,902500,CE
C,5,45888,OPTIDX,MIDCPNIFTY,1386772200,905000,CE
C,5,45892,OPTIDX,MIDCPNIFTY,1386772200,907500,CE
C,5,45894,OPTIDX,MIDCPNIFTY,1386772200,910000,CE
C,5,45898,OPTIDX,MIDCPNIFTY,1386772200,912500,CE
C,5,45905,OPTIDX,MIDCPNIFTY,1386772200,915000,CE
C,5,45907,OPTIDX,MIDCPNIFTY,1386772200,917500,CE
C,5,45915,OPTIDX,MIDCPNIFTY,1386772200,920000,CE
C,5,45923,OPTIDX,MIDCPNIFTY,1386772200,922500,CE
C,5,45928,OPTIDX,MIDCPNIFTY,1386772200,925000,CE
C,5,45932,OPTIDX,MIDCPNIFTY,1386772200,927500,CE
C,5,45935,OPTIDX,MIDCPNIFTY,1386772200,930000,CE
C,5,45938,OPTIDX,MIDCPNIFTY,1386772200,932500,CE
C,5,45940,OPTIDX,MIDCPNIFTY,1386772200,935000,CE
C,5,45946,OPTIDX,MIDCPNIFTY,1386772200,937500,CE
C,5,45949,OPTIDX,MIDCPNIFTY,1386772200,940000,CE
C,5,45951,OPTIDX,MIDCPNIFTY,1386772200,942500,CE
C,5,45955,OPTIDX,MIDCPNIFTY,1386772200,945000,CE
C,5,45959,OPTIDX,MIDCPNIFTY,1386772200,947500,CE
C,5,45971,OPTIDX,MIDCPNIFTY,1386772200,950000,CE
C,5,45973,OPTIDX,MIDCPNIFTY,1386772200,952500,CE
C,5,45975,OPTIDX,MIDCPNIFTY,1386772200,955000,CE
C,5,45978,OPTIDX,MIDCPNIFTY,1386772200,957500,CE
C,5,45981,OPTIDX,MIDCPNIFTY,1386772200,960000,CE
C,5,45983,OPTIDX,MIDCPNIFTY,1386772200,962500,CE
C,5,45985,OPTIDX,MIDCPNIFTY,1386772200,965000,CE
C,5,45987,OPTIDX,MIDCPNIFTY,1386772200,967500,CE
C,5,45989,OPTIDX,MIDCPNIFTY,1386772200,970000,CE
C,5,45993,OPTIDX,MIDCPNIFTY,1386772200,972500,CE
C,5,45996,OPTIDX,MIDCPNIFTY,1386772200,975000,CE
C,5,46000,OPTIDX,MIDCPNIFTY,1386772200,977500,CE
C,5,46003,OPTIDX,MIDCPNIFTY,1386772200,980000,CE
C,5,46015,OPTIDX,MIDCPNIFTY,1386772200,982500,CE
C,5,46023,OPTIDX,MIDCPNIFTY,1386772200,985000,CE
C,5,46025,OPTIDX,MIDCPNIFTY,1386772200,987500,CE
C,5,46041,OPTIDX,MIDCPNIFTY,1386772200,990000,CE
C,5,46044,OPTIDX,MIDCPNIFTY,1386772200,992500,CE
C,5,46056,OPTIDX,MIDCPNIFTY,1386772200,995000,CE
C,5,46058,OPTIDX,MIDCPNIFTY,1386772200,997500,CE
C,5,46060,OPTIDX,MIDCPNIFTY,1386772200,1000000,CE
C,5,46063,OPTIDX,MIDCPNIFTY,1386772200,1002500,CE
C,5,46065,OPTIDX,MIDCPNIFTY,1386772200,1005000,CE
C,5,46077,OPTIDX,MIDCPNIFTY,1386772200,1007500,CE
C,5,46081,OPTIDX,MIDCPNIFTY,1386772200,1010000,CE
C,5,46083,OPTIDX,MIDCPNIFTY,1386772200,1012500,CE
C,5,46085,OPTIDX,MIDCPNIFTY,1386772200,1015000,CE
C,5,46089,OPTIDX,MIDCPNIFTY,1386772200,1017500,CE
C,5,46095,OPTIDX,MIDCPNIFTY,1386772200,1020000,CE
C,5,46107,OPTIDX,MIDCPNIFTY,1386772200,1022500,CE
C,5,46115,OPTIDX,MIDCPNIFTY,1386772200,1030000,CE
C,5,46121,OPTIDX,MIDCPNIFTY,1386772200,1040000,CE
C,5,46123,OPTIDX,MIDCPNIFTY,1386772200,1050000,CE
C,5,46125,OPTIDX,MIDCPNIFTY,1386772200,1060000,CE
C,5,46131,OPTIDX,MIDCPNIFTY,1386772200,1070000,CE
C,5,46133,OPTIDX,MIDCPNIFTY,1386772200,1080000,CE
C,5,46135,OPTIDX,MIDCPNIFTY,1386772200,1090000,CE
C,5,46137,OPTIDX,MIDCPNIFTY,1386772200,1100000,CE
C,5,46139,OPTIDX,MIDCPNIFTY,1386772200,1110000,CE
C,5,46141,OPTIDX,MIDCPNIFTY,1386772200,1120000,CE
C,5,46143,OPTIDX,MIDCPNIFTY,1386772200,1130000,CE
C,5,46147,OPTIDX,MIDCPNIFTY,1386772200,1140000,CE
C,5,46151,OPTIDX,MIDCPNIFTY,1391005800,1017500,CE
C,5,46153,OPTIDX,MIDCPNIFTY,1391005800,1022500,CE
C,5,46155,OPTIDX,MIDCPNIFTY,1391005800,1140000,CE
C,5,46182,OPTIDX,MIDCPNIFTY,1393425000,820000,CE
C,5,46186,OPTIDX,MIDCPNIFTY,1393425000,825000,CE
C,5,46473,OPTIDX,MIDCPNIFTY,1393425000,827500,CE
C,5,46475,OPTIDX,MIDCPNIFTY,1393425000,830000,CE
C,5,46479,OPTIDX,MIDCPNIFTY,1393425000,832500,CE
C,5,46934,OPTIDX,MIDCPNIFTY,1386772200,1075000,CE
C,5,46937,OPTIDX,MIDCPNIFTY,1387722600,795000,CE
C,5,46940,OPTIDX,MIDCPNIFTY,1387377000,1075000,CE
C,5,46944,OPTIDX,MIDCPNIFTY,1387722600,1075000,CE
C,5,46948,OPTIDX,MIDCPNIFTY,1388586600,1075000,CE
C,5,46950,OPTIDX,MIDCPNIFTY,1391005800,1075000,CE
C,5,47246,OPTIDX,MIDCPNIFTY,1393425000,835000,CE
C,5,47806,OPTIDX,MIDCPNIFTY,1393425000,837500,CE
C,5,47808,OPTIDX,MIDCPNIFTY,1393425000,840000,CE
C,5,47915,OPTIDX,MIDCPNIFTY,1393425000,842500,CE
C,5,47961,OPTIDX,MIDCPNIFTY,1393425000,845000,CE
C,5,47966,OPTIDX,MIDCPNIFTY,1393425000,847500,CE
C,5,47974,OPTIDX,MIDCPNIFTY,1393425000,850000,CE
C,5,47978,OPTIDX,MIDCPNIFTY,1393425000,852500,CE
C,5,48002,OPTIDX,MIDCPNIFTY,1393425000,855000,CE
C,5,48006,OPTIDX,MIDCPNIFTY,1393425000,857500,CE
C,5,48009,OPTIDX,MIDCPNIFTY,1393425000,860000,CE
C,5,48014,OPTIDX,MIDCPNIFTY,1393425000,862500,CE
C,5,48054,OPTIDX,BANKNIFTY,1386945000,5500000,CE
C,5,48055,OPTIDX,BANKNIFTY,1386945000,5500000,PE
C,5,48057,OPTIDX,BANKNIFTY,1386945000,5550000,CE
C,5,48061,OPTIDX,BANKNIFTY,1386945000,5550000,PE
C,5,48062,OPTIDX,MIDCPNIFTY,1393425000,865000,CE
C,5,48079,OPTIDX,MIDCPNIFTY,1393425000,867500,CE
C,5,48084,OPTIDX,MIDCPNIFTY,1393425000,870000,CE
C,5,48095,OPTIDX,MIDCPNIFTY,1393425000,872500,CE
C,5,48099,OPTIDX,MIDCPNIFTY,1386772200,1025000,CE
C,5,48102,OPTIDX,MIDCPNIFTY,1386772200,1027500,CE
C,5,48104,OPTIDX,MIDCPNIFTY,1386772200,1032500,CE
C,5,48110,OPTIDX,MIDCPNIFTY,1386772200,1150000,CE
C,5,48114,OPTIDX,MIDCPNIFTY,1393425000,875000,CE
C,5,48116,OPTIDX,MIDCPNIFTY,1391005800,1025000,CE
C,5,48120,OPTIDX,MIDCPNIFTY,1393425000,877500,CE
C,5,48124,OPTIDX,MIDCPNIFTY,1391005800,1027500,CE
C,5,48128,OPTIDX,MIDCPNIFTY,1391005800,1032500,CE
C,5,48132,OPTIDX,MIDCPNIFTY,1391005800,1150000,CE
C,5,48134,OPTIDX,MIDCPNIFTY,1393425000,880000,CE
C,5,48153,OPTIDX,MIDCPNIFTY,1393425000,882500,CE
C,5,48163,OPTIDX,MIDCPNIFTY,1393425000,885000,CE
C,5,48165,OPTIDX,MIDCPNIFTY,1393425000,887500,CE
C,5,48167,OPTIDX,MIDCPNIFTY,1393425000,890000,CE
C,5,48169,OPTIDX,MIDCPNIFTY,1393425000,892500,CE
C,5,48174,OPTIDX,MIDCPNIFTY,1393425000,895000,CE
C,5,48179,OPTIDX,MIDCPNIFTY,1393425000,897500,CE
C,5,48198,OPTIDX,MIDCPNIFTY,1393425000,900000,CE
C,5,48200,OPTIDX,MIDCPNIFTY,1393425000,902500,CE
C,5,48205,OPTIDX,MIDCPNIFTY,1393425000,905000,CE
C,5,48207,OPTIDX,MIDCPNIFTY,1393425000,907500,CE
C,5,48209,OPTIDX,MIDCPNIFTY,1393425000,910000,CE
C,5,48214,OPTIDX,MIDCPNIFTY,1393425000,912500,CE
C,5,48218,OPTIDX,MIDCPNIFTY,1393425000,915000,CE
C,5,48220,OPTIDX,MIDCPNIFTY,1393425000,917500,CE
C,5,48222,OPTIDX,MIDCPNIFTY,1393425000,920000,CE
C,5,48224,OPTIDX,MIDCPNIFTY,1393425000,922500,CE
C,5,48226,OPTIDX,MIDCPNIFTY,1393425000,925000,CE
C,5,48232,OPTIDX,MIDCPNIFTY,1393425000,927500,CE
C,5,48234,OPTIDX,MIDCPNIFTY,1393425000,930000,CE
C,5,48236,OPTIDX,MIDCPNIFTY,1393425000,932500,CE
C,5,48238,OPTIDX,MIDCPNIFTY,1393425000,935000,CE
C,5,48241,OPTIDX,MIDCPNIFTY,1393425000,937500,CE
C,5,48249,OPTIDX,MIDCPNIFTY,1393425000,940000,CE
C,5,48277,OPTIDX,MIDCPNIFTY,1393425000,942500,CE
C,5,48286,OPTIDX,MIDCPNIFTY,1393425000,945000,CE
C,5,48290,OPTIDX,MIDCPNIFTY,1393425000,947500,CE
C,5,48300,OPTIDX,MIDCPNIFTY,1393425000,950000,CE
C,5,48302,OPTIDX,MIDCPNIFTY,1393425000,952500,CE
C,5,48304,OPTIDX,MIDCPNIFTY,1393425000,955000,CE
C,5,48306,OPTIDX,MIDCPNIFTY,1393425000,957500,CE
C,5,48308,OPTIDX,MIDCPNIFTY,1393425000,960000,CE
C,5,48314,OPTIDX,MIDCPNIFTY,1393425000,962500,CE
C,5,48323,OPTIDX,MIDCPNIFTY,1393425000,965000,CE
C,5,48329,OPTIDX,MIDCPNIFTY,1393425000,967500,CE
C,5,48335,OPTIDX,MIDCPNIFTY,1393425000,970000,CE
C,5,48340,OPTIDX,MIDCPNIFTY,1393425000,972500,CE
C,5,48344,OPTIDX,MIDCPNIFTY,1393425000,975000,CE
C,5,48346,OPTIDX,MIDCPNIFTY,1393425000,977500,CE
C,5,48348,OPTIDX,MIDCPNIFTY,1393425000,980000,CE
C,5,48350,OPTIDX,MIDCPNIFTY,1393425000,982500,CE
C,5,48353,OPTIDX,MIDCPNIFTY,1393425000,985000,CE
C,5,48358,OPTIDX,MIDCPNIFTY,1393425000,987500,CE
C,5,48360,OPTIDX,MIDCPNIFTY,1393425000,990000,CE
C,5,48362,OPTIDX,MIDCPNIFTY,1393425000,992500,CE
C,5,48373,OPTIDX,MIDCPNIFTY,1393425000,995000,CE
C,5,48386,OPTIDX,MIDCPNIFTY,1393425000,997500,CE
C,5,48388,OPTIDX,MIDCPNIFTY,1393425000,1000000,CE
C,5,48406,OPTIDX,MIDCPNIFTY,1393425000,1002500,CE
C,5,48420,OPTIDX,MIDCPNIFTY,1393425000,1005000,CE
C,5,48425,OPTIDX,MIDCPNIFTY,1393425000,1007500,CE
C,5,48436,OPTIDX,MIDCPNIFTY,1393425000,1010000,CE
C,5,48438,OPTIDX,MIDCPNIFTY,1393425000,1012500,CE
C,5,48454,OPTIDX,MIDCPNIFTY,1393425000,1015000,CE
C,5,48464,OPTIDX,MIDCPNIFTY,1393425000,1017500,CE
C,5,48485,OPTIDX,MIDCPNIFTY,1393425000,1020000,CE
C,5,48487,OPTIDX,MIDCPNIFTY,1393425000,1022500,CE
C,5,48491,OPTIDX,MIDCPNIFTY,1393425000,1025000,CE
C,5,48494,OPTIDX,MIDCPNIFTY,1393425000,1027500,CE
C,5,48496,OPTIDX,MIDCPNIFTY,1393425000,1030000,CE
C,5,48498,OPTIDX,MIDCPNIFTY,1393425000,1032500,CE
C,5,48500,OPTIDX,MIDCPNIFTY,1393425000,1035000,CE
C,5,48504,OPTIDX,MIDCPNIFTY,1393425000,1037500,CE
C,5,48506,OPTIDX,MIDCPNIFTY,1393425000,1040000,CE
C,5,48508,OPTIDX,MIDCPNIFTY,1393425000,1042500,CE
C,5,48533,OPTIDX,MIDCPNIFTY,1393425000,1045000,CE
C,5,48543,OPTIDX,MIDCPNIFTY,1393425000,1047500,CE
C,5,48551,OPTIDX,MIDCPNIFTY,1393425000,1050000,CE
C,5,48554,OPTIDX,MIDCPNIFTY,1393425000,1052500,CE
C,5,48558,OPTIDX,MIDCPNIFTY,1393425000,1055000,CE
C,5,48573,OPTIDX,MIDCPNIFTY,1393425000,1057500,CE
C,5,48575,OPTIDX,MIDCPNIFTY,1393425000,1060000,CE
C,5,48577,OPTIDX,MIDCPNIFTY,1393425000,1062500,CE
C,5,48583,OPTIDX,MIDCPNIFTY,1393425000,1065000,CE
C,5,48587,OPTIDX,MIDCPNIFTY,1393425000,1067500,CE
C,5,48593,OPTIDX,MIDCPNIFTY,1393425000,1070000,CE
C,5,48597,OPTIDX,MIDCPNIFTY,1393425000,1072500,CE
C,5,48599,OPTIDX,MIDCPNIFTY,1393425000,1075000,CE
C,5,48601,OPTIDX,MIDCPNIFTY,1393425000,1080000,CE
C,5,48603,OPTIDX,MIDCPNIFTY,1393425000,1090000,CE
C,5,48606,OPTIDX,MIDCPNIFTY,1393425000,1100000,CE
C,5,48608,OPTIDX,MIDCPNIFTY,1393425000,1110000,CE
C,5,48615,OPTIDX,MIDCPNIFTY,1393425000,1120000,CE
C,5,48621,OPTIDX,MIDCPNIFTY,1393425000,1130000,CE
C,5,48623,OPTIDX,MIDCPNIFTY,1393425000,1140000,CE
C,5,48847,OPTIDX,MIDCPNIFTY,1393425000,1150000,CE
C,5,50400,OPTIDX,MIDCPNIFTY,1387722600,797500,CE
C,5,50408,OPTIDX,MIDCPNIFTY,1387722600,800000,CE
C,5,50416,OPTIDX,MIDCPNIFTY,1387722600,802500,CE
C,5,50531,OPTIDX,MIDCPNIFTY,1387722600,805000,CE
C,5,50534,OPTIDX,MIDCPNIFTY,1387722600,807500,CE
C,5,50536,OPTIDX,MIDCPNIFTY,1387722600,810000,CE
C,5,51952,OPTIDX,MIDCPNIFTY,1387377000,680000,CE
C,5,51956,OPTIDX,MIDCPNIFTY,1387377000,690000,CE
C,5,51961,OPTIDX,MIDCPNIFTY,1387377000,700000,CE
C,5,51966,OPTIDX,MIDCPNIFTY,1387377000,710000,CE
C,5,51970,OPTIDX,MIDCPNIFTY,1387377000,720000,CE
C,5,51978,OPTIDX,MIDCPNIFTY,1387377000,730000,CE
C,5,51982,OPTIDX,MIDCPNIFTY,1387377000,740000,CE
C,5,51991,OPTIDX,MIDCPNIFTY,1387377000,750000,CE
C,5,51997,OPTIDX,MIDCPNIFTY,1387377000,760000,CE
C,5,52003,OPTIDX,MIDCPNIFTY,1387377000,770000,CE
C,5,52005,OPTIDX,MIDCPNIFTY,1387377000,780000,CE
C,5,52010,OPTIDX,MIDCPNIFTY,1387377000,790000,CE
C,5,52012,OPTIDX,MIDCPNIFTY,1387377000,800000,CE
C,5,52016,OPTIDX,MIDCPNIFTY,1387377000,802500,CE
C,5,52023,OPTIDX,MIDCPNIFTY,1387377000,805000,CE
C,5,52025,OPTIDX,MIDCPNIFTY,1387377000,807500,CE
C,5,52031,OPTIDX,MIDCPNIFTY,1387377000,810000,CE
C,5,52050,OPTIDX,MIDCPNIFTY,1387377000,812500,CE
C,5,52054,OPTIDX,MIDCPNIFTY,1387377000,815000,CE
C,5,52056,OPTIDX,MIDCPNIFTY,1387377000,817500,CE
C,5,52058,OPTIDX,MIDCPNIFTY,1387377000,820000,CE
C,5,52061,OPTIDX,MIDCPNIFTY,1387377000,822500,CE
C,5,52063,OPTIDX,MIDCPNIFTY,1387377000,825000,CE
C,5,52066,OPTIDX,MIDCPNIFTY,1387377000,827500,CE
C,5,52076,OPTIDX,MIDCPNIFTY,1387377000,830000,CE
C,5,52082,OPTIDX,MIDCPNIFTY,1387377000,832500,CE
C,5,52086,OPTIDX,MIDCPNIFTY,1387377000,835000,CE
C,5,52093,OPTIDX,MIDCPNIFTY,1387377000,837500,CE
C,5,52099,OPTIDX,MIDCPNIFTY,1387377000,840000,CE
C,5,52103,OPTIDX,MIDCPNIFTY,1387377000,842500,CE
C,5,52122,OPTIDX,MIDCPNIFTY,1387377000,845000,CE
C,5,52124,OPTIDX,MIDCPNIFTY,1387377000,847500,CE
C,5,52135,OPTIDX,MIDCPNIFTY,1387377000,850000,CE
C,5,52137,OPTIDX,MIDCPNIFTY,1387377000,852500,CE
C,5,52140,OPTIDX,MIDCPNIFTY,1387377000,855000,CE
C,5,52142,OPTIDX,MIDCPNIFTY,1387377000,857500,CE
C,5,52146,OPTIDX,MIDCPNIFTY,1387377000,860000,CE
C,5,52150,OPTIDX,MIDCPNIFTY,1387377000,862500,CE
C,5,52161,OPTIDX,MIDCPNIFTY,1387377000,865000,CE
C,5,52163,OPTIDX,MIDCPNIFTY,1387377000,867500,CE
C,5,52165,OPTIDX,MIDCPNIFTY,1387377000,870000,CE
C,5,52171,OPTIDX,MIDCPNIFTY,1387377000,872500,CE
C,5,52173,OPTIDX,MIDCPNIFTY,1387377000,875000,CE
C,5,52175,OPTIDX,MIDCPNIFTY,1387377000,877500,CE
C,5,52191,OPTIDX,MIDCPNIFTY,1387377000,880000,CE
C,5,52199,OPTIDX,MIDCPNIFTY,1387377000,882500,CE
C,5,52201,OPTIDX,MIDCPNIFTY,1387377000,885000,CE
C,5,52203,OPTIDX,MIDCPNIFTY,1387377000,887500,CE
C,5,52207,OPTIDX,MIDCPNIFTY,1387377000,890000,CE
C,5,52211,OPTIDX,MIDCPNIFTY,1387377000,892500,CE
C,5,52220,OPTIDX,MIDCPNIFTY,1387377000,895000,CE
C,5,52223,OPTIDX,MIDCPNIFTY,1387377000,897500,CE
C,5,52247,OPTIDX,MIDCPNIFTY,1387377000,900000,CE
C,5,52249,OPTIDX,MIDCPNIFTY,1387377000,902500,CE
C,5,52251,OPTIDX,MIDCPNIFTY,1387377000,905000,CE
C,5,52257,OPTIDX,MIDCPNIFTY,1387377000,907500,CE
C,5,52273,OPTIDX,MIDCPNIFTY,1387377000,910000,CE
C,5,52281,OPTIDX,MIDCPNIFTY,1387377000,912500,CE
C,5,52283,OPTIDX,MIDCPNIFTY,1387377000,915000,CE
C,5,52285,OPTIDX,MIDCPNIFTY,1387377000,917500,CE
C,5,52287,OPTIDX,MIDCPNIFTY,1387377000,920000,CE
C,5,52291,OPTIDX,MIDCPNIFTY,1387377000,922500,CE
C,5,52294,OPTIDX,MIDCPNIFTY,1387377000,925000,CE
C,5,52298,OPTIDX,MIDCPNIFTY,1387377000,927500,CE
C,5,52300,OPTIDX,MIDCPNIFTY,1387377000,930000,CE
C,5,52302,OPTIDX,MIDCPNIFTY,1387377000,932500,CE
C,5,52305,OPTIDX,MIDCPNIFTY,1387377000,935000,CE
C,5,52312,OPTIDX,MIDCPNIFTY,1387377000,937500,CE
C,5,52314,OPTIDX,MIDCPNIFTY,1387377000,940000,CE
C,5,52317,OPTIDX,MIDCPNIFTY,1387377000,942500,CE
C,5,52319,OPTIDX,MIDCPNIFTY,1387377000,945000,CE
C,5,52321,OPTIDX,MIDCPNIFTY,1387377000,947500,CE
C,5,52323,OPTIDX,MIDCPNIFTY,1387377000,950000,CE
C,5,52325,OPTIDX,MIDCPNIFTY,1387377000,952500,CE
C,5,52327,OPTIDX,MIDCPNIFTY,1387377000,955000,CE
C,5,52329,OPTIDX,MIDCPNIFTY,1387377000,957500,CE
C,5,52331,OPTIDX,MIDCPNIFTY,1387377000,960000,CE
C,5,52333,OPTIDX,MIDCPNIFTY,1387377000,962500,CE
C,5,52335,OPTIDX,MIDCPNIFTY,1387377000,965000,CE
C,5,52337,OPTIDX,MIDCPNIFTY,1387377000,967500,CE
C,5,52339,OPTIDX,MIDCPNIFTY,1387377000,970000,CE
C,5,52341,OPTIDX,MIDCPNIFTY,1387377000,972500,CE
C,5,52343,OPTIDX,MIDCPNIFTY,1387377000,975000,CE
C,5,52345,OPTIDX,MIDCPNIFTY,1387377000,977500,CE
C,5,52347,OPTIDX,MIDCPNIFTY,1387377000,980000,CE
C,5,52349,OPTIDX,MIDCPNIFTY,1387377000,982500,CE
C,5,52351,OPTIDX,MIDCPNIFTY,1387377000,985000,CE
C,5,52353,OPTIDX,MIDCPNIFTY,1387377000,987500,CE
C,5,52355,OPTIDX,MIDCPNIFTY,1387377000,990000,CE
C,5,52358,OPTIDX,MIDCPNIFTY,1387377000,992500,CE
C,5,52360,OPTIDX,MIDCPNIFTY,1387377000,995000,CE
C,5,52362,OPTIDX,MIDCPNIFTY,1387377000,997500,CE
C,5,52364,OPTIDX,MIDCPNIFTY,1387377000,1000000,CE
C,5,52366,OPTIDX,MIDCPNIFTY,1387377000,1002500,CE
C,5,52368,OPTIDX,MIDCPNIFTY,1387377000,1005000,CE
C,5,52371,OPTIDX,MIDCPNIFTY,1387377000,1007500,CE
C,5,52373,OPTIDX,MIDCPNIFTY,1387377000,1010000,CE
C,5,52375,OPTIDX,MIDCPNIFTY,1387377000,1012500,CE
C,5,52377,OPTIDX,MIDCPNIFTY,1387377000,1015000,CE
C,5,52379,OPTIDX,MIDCPNIFTY,1387377000,1017500,CE
C,5,52381,OPTIDX,MIDCPNIFTY,1387377000,1020000,CE
C,5,52388,OPTIDX,MIDCPNIFTY,1387377000,1022500,CE
C,5,52390,OPTIDX,MIDCPNIFTY,1387377000,1025000,CE
C,5,52392,OPTIDX,MIDCPNIFTY,1387377000,1027500,CE
C,5,52394,OPTIDX,MIDCPNIFTY,1387377000,1030000,CE
C,5,52419,OPTIDX,MIDCPNIFTY,1387722600,812500,CE
C,5,52428,OPTIDX,MIDCPNIFTY,1387377000,1032500,CE
C,5,52430,OPTIDX,MIDCPNIFTY,1387377000,1035000,CE
C,5,52435,OPTIDX,MIDCPNIFTY,1387722600,815000,CE
C,5,52437,OPTIDX,MIDCPNIFTY,1387722600,817500,CE
C,5,52439,OPTIDX,MIDCPNIFTY,1387377000,1037500,CE
C,5,52443,OPTIDX,MIDCPNIFTY,1387377000,1040000,CE
C,5,52445,OPTIDX,MIDCPNIFTY,1387377000,1042500,CE
C,5,52447,OPTIDX,MIDCPNIFTY,1387377000,1045000,CE
C,5,52449,OPTIDX,MIDCPNIFTY,1387377000,1047500,CE
C,5,52451,OPTIDX,MIDCPNIFTY,1387377000,1050000,CE
C,5,52453,OPTIDX,MIDCPNIFTY,1387377000,1060000,CE
C,5,52455,OPTIDX,MIDCPNIFTY,1387377000,1070000,CE
C,5,52457,OPTIDX,MIDCPNIFTY,1387377000,1080000,CE
C,5,52459,OPTIDX,MIDCPNIFTY,1387377000,1090000,CE
C,5,52461,OPTIDX,MIDCPNIFTY,1387377000,1100000,CE
C,5,52463,OPTIDX,MIDCPNIFTY,1387377000,1110000,CE
C,5,52465,OPTIDX,MIDCPNIFTY,1387377000,1120000,CE
C,5,52467,OPTIDX,MIDCPNIFTY,1387377000,1130000,CE
C,5,52469,OPTIDX,MIDCPNIFTY,1387377000,1140000,CE
C,5,52471,OPTIDX,MIDCPNIFTY,1387377000,1150000,CE
C,5,52473,OPTIDX,MIDCPNIFTY,1387377000,1160000,CE
C,5,52735,OPTIDX,MIDCPNIFTY,1387722600,640000,CE
C,5,52741,OPTIDX,MIDCPNIFTY,1387722600,762500,CE
C,5,52746,OPTIDX,MIDCPNIFTY,1387722600,765000,CE
C,5,52748,OPTIDX,MIDCPNIFTY,1387722600,767500,CE
C,5,52809,OPTIDX,MIDCPNIFTY,1393425000,1160000,CE
C,5,52813,OPTIDX,MIDCPNIFTY,1393425000,1170000,CE
C,5,52816,OPTIDX,MIDCPNIFTY,1393425000,1180000,CE
C,5,52822,OPTIDX,MIDCPNIFTY,1393425000,1190000,CE
C,5,53730,OPTIDX,MIDCPNIFTY,1387722600,820000,CE
C,5,53734,OPTIDX,MIDCPNIFTY,1387722600,822500,CE
C,5,53738,OPTIDX,MIDCPNIFTY,1387722600,825000,CE
C,5,54263,OPTIDX,MIDCPNIFTY,1387722600,752500,CE
C,5,54265,OPTIDX,MIDCPNIFTY,1387722600,755000,CE
C,5,54267,OPTIDX,MIDCPNIFTY,1387722600,757500,CE
C,5,55063,OPTIDX,MIDCPNIFTY,1386772200,1072500,CE
C,5,55068,OPTIDX,MIDCPNIFTY,1387377000,1072500,CE
C,5,55091,OPTIDX,MIDCPNIFTY,1387722600,1072500,CE
C,5,55101,OPTIDX,MIDCPNIFTY,1388586600,710000,CE
C,5,55103,OPTIDX,MIDCPNIFTY,1388586600,720000,CE
C,5,55105,OPTIDX,MIDCPNIFTY,1388586600,730000,CE
C,5,55107,OPTIDX,MIDCPNIFTY,1388586600,740000,CE
C,5,55109,OPTIDX,MIDCPNIFTY,1388586600,750000,CE
C,5,55123,OPTIDX,MIDCPNIFTY,1388586600,760000,CE
C,5,55125,OPTIDX,MIDCPNIFTY,1388586600,770000,CE
C,5,55127,OPTIDX,MIDCPNIFTY,1388586600,780000,CE
C,5,55133,OPTIDX,MIDCPNIFTY,1388586600,790000,CE
C,5,55135,OPTIDX,MIDCPNIFTY,1388586600,800000,CE
C,5,55137,OPTIDX,MIDCPNIFTY,1388586600,810000,CE
C,5,55139,OPTIDX,MIDCPNIFTY,1388586600,820000,CE
C,5,55145,OPTIDX,MIDCPNIFTY,1388586600,822500,CE
C,5,55151,OPTIDX,MIDCPNIFTY,1388586600,825000,CE
C,5,55153,OPTIDX,MIDCPNIFTY,1388586600,827500,CE
C,5,55159,OPTIDX,MIDCPNIFTY,1388586600,830000,CE
C,5,55163,OPTIDX,MIDCPNIFTY,1388586600,832500,CE
C,5,55175,OPTIDX,MIDCPNIFTY,1388586600,835000,CE
C,5,55185,OPTIDX,MIDCPNIFTY,1388586600,837500,CE
C,5,55191,OPTIDX,MIDCPNIFTY,1388586600,840000,CE
C,5,55197,OPTIDX,MIDCPNIFTY,1388586600,842500,CE
C,5,55203,OPTIDX,MIDCPNIFTY,1388586600,845000,CE
C,5,55209,OPTIDX,MIDCPNIFTY,1388586600,847500,CE
C,5,55215,OPTIDX,MIDCPNIFTY,1388586600,850000,CE
C,5,55217,OPTIDX,MIDCPNIFTY,1388586600,852500,CE
C,5,55229,OPTIDX,MIDCPNIFTY,1388586600,855000,CE
C,5,55231,OPTIDX,MIDCPNIFTY,1388586600,857500,CE
C,5,55233,OPTIDX,MIDCPNIFTY,1388586600,860000,CE
C,5,55247,OPTIDX,MIDCPNIFTY,1388586600,862500,CE
C,5,55257,OPTIDX,MIDCPNIFTY,1388586600,865000,CE
C,5,55267,OPTIDX,MIDCPNIFTY,1388586600,867500,CE
C,5,55269,OPTIDX,MIDCPNIFTY,1388586600,870000,CE
C,5,55279,OPTIDX,MIDCPNIFTY,1388586600,872500,CE
C,5,55281,OPTIDX,MIDCPNIFTY,1388586600,875000,CE
C,5,55291,OPTIDX,MIDCPNIFTY,1388586600,877500,CE
C,5,55297,OPTIDX,MIDCPNIFTY,1388586600,880000,CE
C,5,55299,OPTIDX,MIDCPNIFTY,1388586600,882500,CE
C,5,55311,OPTIDX,MIDCPNIFTY,1388586600,885000,CE
C,5,55403,OPTIDX,MIDCPNIFTY,1388586600,887500,CE
C,5,55410,OPTIDX,MIDCPNIFTY,1388586600,890000,CE
C,5,55447,OPTIDX,MIDCPNIFTY,1388586600,892500,CE
C,5,55455,OPTIDX,MIDCPNIFTY,1388586600,895000,CE
C,5,55466,OPTIDX,MIDCPNIFTY,1388586600,897500,CE
C,5,55484,OPTIDX,MIDCPNIFTY,1388586600,900000,CE
C,5,55491,OPTIDX,MIDCPNIFTY,1388586600,902500,CE
C,5,55501,OPTIDX,MIDCPNIFTY,1388586600,905000,CE
C,5,55507,OPTIDX,MIDCPNIFTY,1388586600,907500,CE
C,5,55517,OPTIDX,MIDCPNIFTY,1388586600,910000,CE
C,5,55522,OPTIDX,MIDCPNIFTY,1388586600,912500,CE
C,5,55524,OPTIDX,MIDCPNIFTY,1388586600,915000,CE
C,5,55526,OPTIDX,MIDCPNIFTY,1388586600,917500,CE
C,5,55528,OPTIDX,MIDCPNIFTY,1388586600,920000,CE
C,5,55530,OPTIDX,MIDCPNIFTY,1388586600,922500,CE
C,5,55532,OPTIDX,MIDCPNIFTY,1388586600,925000,CE
C,5,55534,OPTIDX,MIDCPNIFTY,1388586600,927500,CE
C,5,55536,OPTIDX,MIDCPNIFTY,1388586600,930000,CE
C,5,55538,OPTIDX,MIDCPNIFTY,1388586600,932500,CE
C,5,55540,OPTIDX,MIDCPNIFTY,1388586600,935000,CE
C,5,55542,OPTIDX,MIDCPNIFTY,1388586600,937500,CE
C,5,55544,OPTIDX,MIDCPNIFTY,1388586600,940000,CE
C,5,55546,OPTIDX,MIDCPNIFTY,1388586600,942500,CE
C,5,55548,OPTIDX,MIDCPNIFTY,1388586600,945000,CE
C,5,55550,OPTIDX,MIDCPNIFTY,1388586600,947500,CE
C,5,55552,OPTIDX,MIDCPNIFTY,1388586600,950000,CE
C,5,55554,OPTIDX,MIDCPNIFTY,1388586600,952500,CE
C,5,55556,OPTIDX,MIDCPNIFTY,1388586600,955000,CE
C,5,55558,OPTIDX,MIDCPNIFTY,1388586600,957500,CE
C,5,55560,OPTIDX,MIDCPNIFTY,1388586600,960000,CE
C,5,55871,OPTIDX,MIDCPNIFTY,1388586600,962500,CE
C,5,55873,OPTIDX,MIDCPNIFTY,1388586600,965000,CE
C,5,55875,OPTIDX,MIDCPNIFTY,1388586600,967500,CE
C,5,55877,OPTIDX,MIDCPNIFTY,1388586600,970000,CE
C,5,55879,OPTIDX,MIDCPNIFTY,1388586600,972500,CE
C,5,55881,OPTIDX,MIDCPNIFTY,1388586600,975000,CE
C,5,55883,OPTIDX,MIDCPNIFTY,1388586600,977500,CE
C,5,55885,OPTIDX,MIDCPNIFTY,1388586600,980000,CE
C,5,55887,OPTIDX,MIDCPNIFTY,1388586600,982500,CE
C,5,55889,OPTIDX,MIDCPNIFTY,1388586600,985000,CE
C,5,55891,OPTIDX,MIDCPNIFTY,1388586600,987500,CE
C,5,55893,OPTIDX,MIDCPNIFTY,1388586600,990000,CE
C,5,55895,OPTIDX,MIDCPNIFTY,1388586600,992500,CE
C,5,55897,OPTIDX,MIDCPNIFTY,1388586600,995000,CE
C,5,55899,OPTIDX,MIDCPNIFTY,1388586600,997500,CE
C,5,55901,OPTIDX,MIDCPNIFTY,1388586600,1000000,CE
C,5,55903,OPTIDX,MIDCPNIFTY,1388586600,1002500,CE
C,5,55912,OPTIDX,MIDCPNIFTY,1388586600,1005000,CE
C,5,55920,OPTIDX,MIDCPNIFTY,1388586600,1007500,CE
C,5,55934,OPTIDX,MIDCPNIFTY,1388586600,1010000,CE
C,5,55938,OPTIDX,MIDCPNIFTY,1388586600,1012500,CE
C,5,55940,OPTIDX,MIDCPNIFTY,1388586600,1015000,CE
C,5,55942,OPTIDX,MIDCPNIFTY,1388586600,1017500,CE
C,5,55948,OPTIDX,MIDCPNIFTY,1388586600,1020000,CE
C,5,55950,OPTIDX,MIDCPNIFTY,1388586600,1022500,CE
C,5,55953,OPTIDX,MIDCPNIFTY,1388586600,1025000,CE
C,5,55955,OPTIDX,MIDCPNIFTY,1388586600,1027500,CE
C,5,55957,OPTIDX,MIDCPNIFTY,1388586600,1030000,CE
C,5,55959,OPTIDX,MIDCPNIFTY,1388586600,1032500,CE
C,5,55961,OPTIDX,MIDCPNIFTY,1388586600,1035000,CE
C,5,55963,OPTIDX,MIDCPNIFTY,1388586600,1037500,CE
C,5,55966,OPTIDX,MIDCPNIFTY,1388586600,1040000,CE
C,5,55968,OPTIDX,MIDCPNIFTY,1388586600,1042500,CE
C,5,55971,OPTIDX,MIDCPNIFTY,1388586600,1045000,CE
C,5,55973,OPTIDX,MIDCPNIFTY,1388586600,1047500,CE
C,5,55975,OPTIDX,MIDCPNIFTY,1388586600,1050000,CE
C,5,55977,OPTIDX,MIDCPNIFTY,1388586600,1052500,CE
C,5,55979,OPTIDX,MIDCPNIFTY,1388586600,1055000,CE
C,5,55981,OPTIDX,MIDCPNIFTY,1388586600,1057500,CE
C,5,55983,OPTIDX,MIDCPNIFTY,1388586600,1060000,CE
C,5,55985,OPTIDX,MIDCPNIFTY,1388586600,1062500,CE
C,5,55989,OPTIDX,MIDCPNIFTY,1388586600,1065000,CE
C,5,55993,OPTIDX,MIDCPNIFTY,1388586600,1067500,CE
C,5,55999,OPTIDX,MIDCPNIFTY,1388586600,1070000,CE
C,5,56001,OPTIDX,MIDCPNIFTY,1388586600,1072500,CE
C,5,56024,OPTIDX,MIDCPNIFTY,1388586600,1080000,CE
C,5,56026,OPTIDX,MIDCPNIFTY,1388586600,1090000,CE
C,5,56028,OPTIDX,MIDCPNIFTY,1388586600,1100000,CE
C,5,56030,OPTIDX,MIDCPNIFTY,1388586600,1110000,CE
C,5,56032,OPTIDX,MIDCPNIFTY,1388586600,1120000,CE
C,5,56034,OPTIDX,MIDCPNIFTY,1388586600,1130000,CE
C,5,56036,OPTIDX,MIDCPNIFTY,1387722600,827500,CE
C,5,56040,OPTIDX,MIDCPNIFTY,1388586600,1140000,CE
C,5,56042,OPTIDX,MIDCPNIFTY,1388586600,1150000,CE
C,5,56046,OPTIDX,MIDCPNIFTY,1387722600,830000,CE
C,5,56048,OPTIDX,MIDCPNIFTY,1387722600,832500,CE
C,5,56051,OPTIDX,MIDCPNIFTY,1387722600,835000,CE
C,5,56054,OPTIDX,MIDCPNIFTY,1387722600,837500,CE
C,5,56058,OPTIDX,MIDCPNIFTY,1387722600,840000,CE
C,5,56060,OPTIDX,MIDCPNIFTY,1388586600,1160000,CE
C,5,56062,OPTIDX,MIDCPNIFTY,1388586600,1170000,CE
C,5,56067,OPTIDX,MIDCPNIFTY,1388586600,1180000,CE
C,5,56077,OPTIDX,MIDCPNIFTY,1387722600,620000,CE
C,5,56078,OPTIDX,MIDCPNIFTY,1388586600,1190000,CE
C,5,56081,OPTIDX,MIDCPNIFTY,1391005800,1072500,CE
C,5,56085,OPTIDX,MIDCPNIFTY,1387722600,630000,CE
C,5,56088,OPTIDX,MIDCPNIFTY,1387722600,737500,CE
C,5,56090,OPTIDX,MIDCPNIFTY,1387722600,742500,CE
C,5,56099,OPTIDX,MIDCPNIFTY,1387722600,745000,CE
C,5,56101,OPTIDX,MIDCPNIFTY,1387722600,747500,CE
C,5,57105,OPTIDX,MIDCPNIFTY,1387722600,842500,CE
C,5,57107,OPTIDX,MIDCPNIFTY,1387722600,845000,CE
C,5,57398,OPTIDX,MIDCPNIFTY,1386772200,1077500,CE
C,5,57400,OPTIDX,MIDCPNIFTY,1387377000,1077500,CE
C,5,57402,OPTIDX,MIDCPNIFTY,1387722600,1077500,CE
C,5,57405,OPTIDX,MIDCPNIFTY,1388586600,1077500,CE
C,5,57407,OPTIDX,MIDCPNIFTY,1391005800,1077500,CE
C,5,57409,OPTIDX,MIDCPNIFTY,1393425000,1077500,CE
C,5,60005,OPTIDX,MIDCPNIFTY,1387722600,847500,CE
C,5,60780,OPTIDX,MIDCPNIFTY,1387722600,850000,CE
C,5,60801,OPTIDX,MIDCPNIFTY,1387722600,852500,CE
C,5,60809,OPTIDX,MIDCPNIFTY,1387722600,855000,CE
C,5,60815,OPTIDX,MIDCPNIFTY,1387722600,857500,CE
C,5,60828,OPTIDX,MIDCPNIFTY,1387722600,860000,CE
C,5,60830,OPTIDX,MIDCPNIFTY,1387722600,862500,CE
C,5,60836,OPTIDX,MIDCPNIFTY,1387722600,865000,CE
C,5,60845,OPTIDX,MIDCPNIFTY,1387722600,867500,CE
C,5,60866,OPTIDX,MIDCPNIFTY,1387722600,870000,CE
C,5,60870,OPTIDX,MIDCPNIFTY,1387722600,872500,CE
C,5,60874,OPTIDX,MIDCPNIFTY,1387722600,875000,CE
C,5,60876,OPTIDX,MIDCPNIFTY,1387722600,877500,CE
C,5,60882,OPTIDX,MIDCPNIFTY,1387722600,880000,CE
C,5,60884,OPTIDX,MIDCPNIFTY,1387722600,882500,CE
C,5,61061,OPTIDX,MIDCPNIFTY,1387722600,885000,CE
C,5,61063,OPTIDX,MIDCPNIFTY,1387722600,887500,CE
C,5,61065,OPTIDX,MIDCPNIFTY,1387722600,890000,CE
C,5,61067,OPTIDX,MIDCPNIFTY,1387722600,892500,CE
C,5,61075,OPTIDX,MIDCPNIFTY,1387722600,895000,CE
C,5,61078,OPTIDX,MIDCPNIFTY,1387722600,897500,CE
C,5,61084,OPTIDX,MIDCPNIFTY,1387722600,900000,CE
C,5,61086,OPTIDX,MIDCPNIFTY,1387722600,902500,CE
C,5,61092,OPTIDX,MIDCPNIFTY,1387722600,905000,CE
C,5,61098,OPTIDX,MIDCPNIFTY,1387722600,907500,CE
C,5,61104,OPTIDX,MIDCPNIFTY,1387722600,910000,CE
C,5,61110,OPTIDX,MIDCPNIFTY,1387722600,912500,CE
C,5,61138,OPTIDX,MIDCPNIFTY,1387722600,915000,CE
C,5,61140,OPTIDX,MIDCPNIFTY,1387722600,917500,CE
C,5,61142,OPTIDX,MIDCPNIFTY,1387722600,920000,CE
C,5,61144,OPTIDX,MIDCPNIFTY,1387722600,922500,CE
C,5,61146,OPTIDX,MIDCPNIFTY,1387722600,925000,CE
C,5,61148,OPTIDX,MIDCPNIFTY,1387722600,927500,CE
C,5,61150,OPTIDX,MIDCPNIFTY,1387722600,930000,CE
C,5,61152,OPTIDX,MIDCPNIFTY,1387722600,932500,CE
C,5,61154,OPTIDX,MIDCPNIFTY,1387722600,935000,CE
C,5,61156,OPTIDX,MIDCPNIFTY,1387722600,937500,CE
C,5,61158,OPTIDX,MIDCPNIFTY,1387722600,940000,CE
C,5,61160,OPTIDX,MIDCPNIFTY,1387722600,942500,CE
C,5,61162,OPTIDX,MIDCPNIFTY,1387722600,945000,CE
C,5,61164,OPTIDX,MIDCPNIFTY,1387722600,947500,CE
C,5,61166,OPTIDX,MIDCPNIFTY,1387722600,950000,CE
C,5,61168,OPTIDX,MIDCPNIFTY,1387722600,952500,CE
C,5,61170,OPTIDX,MIDCPNIFTY,1387722600,955000,CE
C,5,61172,OPTIDX,MIDCPNIFTY,1387722600,957500,CE
C,5,61174,OPTIDX,MIDCPNIFTY,1387722600,960000,CE
C,5,61176,OPTIDX,MIDCPNIFTY,1387722600,962500,CE
C,5,61178,OPTIDX,MIDCPNIFTY,1387722600,965000,CE
C,5,61180,OPTIDX,MIDCPNIFTY,1387722600,967500,CE
C,5,61182,OPTIDX,MIDCPNIFTY,1387722600,970000,CE
C,5,61184,OPTIDX,MIDCPNIFTY,1387722600,972500,CE
C,5,61186,OPTIDX,MIDCPNIFTY,1387722600,975000,CE
C,5,61188,OPTIDX,MIDCPNIFTY,1387722600,977500,CE
C,5,61190,OPTIDX,MIDCPNIFTY,1387722600,980000,CE
C,5,61192,OPTIDX,MIDCPNIFTY,1387722600,982500,CE
C,5,61194,OPTIDX,MIDCPNIFTY,1387722600,985000,CE
C,5,61196,OPTIDX,MIDCPNIFTY,1387722600,987500,CE
C,5,61198,OPTIDX,MIDCPNIFTY,1387722600,990000,CE
C,5,61202,OPTIDX,MIDCPNIFTY,1387722600,992500,CE
C,5,61210,OPTIDX,MIDCPNIFTY,1387722600,995000,CE
C,5,61212,OPTIDX,MIDCPNIFTY,1387722600,997500,CE
C,5,61214,OPTIDX,MIDCPNIFTY,1387722600,1000000,CE
C,5,61216,OPTIDX,MIDCPNIFTY,1387722600,1002500,CE
C,5,61218,OPTIDX,MIDCPNIFTY,1387722600,1005000,CE
C,5,61220,OPTIDX,MIDCPNIFTY,1387722600,1007500,CE
C,5,61224,OPTIDX,MIDCPNIFTY,1387722600,1010000,CE
C,5,61226,OPTIDX,MIDCPNIFTY,1387722600,1012500,CE
C,5,61228,OPTIDX,MIDCPNIFTY,1387722600,1015000,CE
C,5,61230,OPTIDX,MIDCPNIFTY,1387722600,1017500,CE
C,5,61232,OPTIDX,MIDCPNIFTY,1387722600,1020000,CE
C,5,61236,OPTIDX,MIDCPNIFTY,1387722600,1022500,CE
C,5,61238,OPTIDX,MIDCPNIFTY,1387722600,1025000,CE
C,5,61240,OPTIDX,MIDCPNIFTY,1387722600,1027500,CE
C,5,61242,OPTIDX,MIDCPNIFTY,1387722600,1030000,CE
C,5,61244,OPTIDX,MIDCPNIFTY,1387722600,1032500,CE
C,5,61248,OPTIDX,MIDCPNIFTY,1387722600,1035000,CE
C,5,61252,OPTIDX,MIDCPNIFTY,1387722600,1037500,CE
C,5,61254,OPTIDX,MIDCPNIFTY,1387722600,1040000,CE
C,5,61256,OPTIDX,MIDCPNIFTY,1387722600,1042500,CE
C,5,61260,OPTIDX,MIDCPNIFTY,1387722600,1045000,CE
C,5,61312,OPTIDX,MIDCPNIFTY,1387722600,1050000,CE
C,5,61314,OPTIDX,MIDCPNIFTY,1387722600,1060000,CE
C,5,61316,OPTIDX,MIDCPNIFTY,1387722600,1070000,CE
C,5,61318,OPTIDX,MIDCPNIFTY,1387722600,1080000,CE
C,5,61320,OPTIDX,MIDCPNIFTY,1387722600,1090000,CE
C,5,61335,OPTIDX,MIDCPNIFTY,1387722600,1100000,CE
C,5,61338,OPTIDX,MIDCPNIFTY,1387722600,1110000,CE
C,5,61340,OPTIDX,MIDCPNIFTY,1387722600,1120000,CE
C,5,61342,OPTIDX,MIDCPNIFTY,1387722600,1130000,CE
C,5,61344,OPTIDX,MIDCPNIFTY,1387722600,1140000,CE
C,5,61346,OPTIDX,MIDCPNIFTY,1387722600,1150000,CE
C,5,61348,OPTIDX,MIDCPNIFTY,1387722600,1160000,CE
C,5,62809,OPTIDX,MIDCPNIFTY,1387722600,670000,CE
C,5,62811,OPTIDX,MIDCPNIFTY,1387722600,792500,CE
C,5,64227,OPTIDX,MIDCPNIFTY,1387722600,660000,CE
C,5,64229,OPTIDX,MIDCPNIFTY,1387722600,777500,CE
C,5,64231,OPTIDX,MIDCPNIFTY,1387722600,782500,CE
C,5,64233,OPTIDX,MIDCPNIFTY,1387722600,785000,CE
C,5,64235,OPTIDX,MIDCPNIFTY,1387722600,787500,CE
C,5,72388,OPTIDX,MIDCPNIFTY,1386772200,1092500,CE
C,5,72390,OPTIDX,MIDCPNIFTY,1386772200,1210000,CE
C,5,72392,OPTIDX,MIDCPNIFTY,1387377000,1092500,CE
C,5,72394,OPTIDX,MIDCPNIFTY,1387377000,1210000,CE
C,5,72396,OPTIDX,MIDCPNIFTY,1387722600,1092500,CE
C,5,72398,OPTIDX,MIDCPNIFTY,1387722600,1210000,CE
C,5,72400,OPTIDX,MIDCPNIFTY,1388586600,1092500,CE
C,5,72402,OPTIDX,MIDCPNIFTY,1388586600,1210000,CE
C,5,72404,OPTIDX,MIDCPNIFTY,1391005800,1092500,CE
C,5,72406,OPTIDX,MIDCPNIFTY,1391005800,1210000,CE
C,5,72408,OPTIDX,MIDCPNIFTY,1393425000,1092500,CE
C,5,72410,OPTIDX,MIDCPNIFTY,1393425000,1210000,CE
