C,8,35021,OPTIDX,BANKNIFTY,1386340200,4980000,PE
C,8,35023,OPTIDX,BANKNIFTY,1386340200,5700000,PE
C,8,35030,OPTIDX,BANKNIFTY,1386340200,4780000,PE
C,8,35031,OPTIDX,BANKNIFTY,1386340200,4880000,PE
C,8,35037,OPTIDX,BANKNIFTY,1386340200,5600000,PE
C,8,35069,OPTIDX,BANKNIFTY,1386340200,3100000,PE
C,8,35125,OPTIDX,BANKNIFTY,1386340200,4940000,PE
C,8,35126,OPTIDX,BANKNIFTY,1386340200,5500000,PE
C,8,35147,OPTIDX,BANKNIFTY,1386340200,4960000,PE
C,8,35322,OPTIDX,BANKNIFTY,1386340200,3200000,PE
C,8,36709,FUTSTK,081NSETEST,1795876200,0,XX
C,8,37279,OPTIDX,BANKNIFTY,1386340200,3300000,PE
C,8,37680,OPTIDX,BANKNIFTY,1386340200,3400000,PE
C,8,37691,OPTIDX,BANKNIFTY,1386340200,4920000,PE
C,8,38933,OPTIDX,BANKNIFTY,1386340200,5020000,PE
C,8,38961,OPTIDX,BANKNIFTY,1386340200,5040000,PE
C,8,38965,OPTIDX,BANKNIFTY,1386340200,5060000,PE
C,8,39002,OPTIDX,BANKNIFTY,1386340200,5080000,PE
C,8,39034,OPTIDX,BANKNIFTY,1386340200,5120000,PE
C,8,39038,OPTIDX,BANKNIFTY,1386340200,5140000,PE
C,8,39054,OPTIDX,BANKNIFTY,1386340200,5800000,PE
C,8,39319,OPTIDX,BANKNIFTY,1386340200,4820000,PE
C,8,40211,OPTIDX,BANKNIFTY,1386340200,3500000,PE
C,8,40548,OPTIDX,BANKNIFTY,1386340200,3600000,PE
C,8,40556,OPTIDX,BANKNIFTY,1386340200,3700000,PE
C,8,40562,OPTIDX,BANKNIFTY,1386340200,3780000,PE
C,8,40572,OPTIDX,BANKNIFTY,1386340200,3800000,PE
C,8,40582,OPTIDX,BANKNIFTY,1386340200,3820000,PE
C,8,40591,OPTIDX,BANKNIFTY,1386340200,3840000,PE
C,8,40601,OPTIDX,BANKNIFTY,1386340200,3860000,PE
C,8,40606,OPTIDX,BANKNIFTY,1386340200,3880000,PE
C,8,40610,OPTIDX,BANKNIFTY,1386340200,3900000,PE
C,8,40619,OPTIDX,BANKNIFTY,1386340200,3920000,PE
C,8,40631,OPTIDX,BANKNIFTY,1386340200,3940000,PE
C,8,40635,OPTIDX,BANKNIFTY,1386340200,3960000,PE
C,8,40639,OPTIDX,BANKNIFTY,1386340200,3980000,PE
C,8,40644,OPTIDX,BANKNIFTY,1386340200,4000000,PE
C,8,40663,OPTIDX,BANKNIFTY,1386340200,4020000,PE
C,8,40676,OPTIDX,BANKNIFTY,1386340200,4040000,PE
C,8,40698,OPTIDX,BANKNIFTY,1386340200,4060000,PE
C,8,40719,OPTIDX,BANKNIFTY,1386340200,4080000,PE
C,8,40731,OPTIDX,BANKNIFTY,1386340200,4100000,PE
C,8,40755,OPTIDX,BANKNIFTY,1386340200,4120000,PE
C,8,40766,OPTIDX,BANKNIFTY,1386340200,4140000,PE
C,8,40791,OPTIDX,BANKNIFTY,1386340200,4160000,PE
C,8,40797,OPTIDX,BANKNIFTY,1386340200,4180000,PE
C,8,40810,OPTIDX,BANKNIFTY,1386340200,4200000,PE
C,8,40820,OPTIDX,BANKNIFTY,1386340200,4220000,PE
C,8,40824,OPTIDX,BANKNIFTY,1386340200,4240000,PE
C,8,40831,OPTIDX,BANKNIFTY,1386340200,4260000,PE
C,8,40859,OPTIDX,BANKNIFTY,1386340200,4280000,PE
C,8,40872,OPTIDX,BANKNIFTY,1386340200,4300000,PE
C,8,40895,OPTIDX,BANKNIFTY,1386340200,4320000,PE
C,8,40904,OPTIDX,BANKNIFTY,1386340200,4340000,PE
C,8,40909,OPTIDX,BANKNIFTY,1386340200,4360000,PE
C,8,40913,OPTIDX,BANKNIFTY,1386340200,4380000,PE
C,8,40917,OPTIDX,BANKNIFTY,1386340200,4400000,PE
C,8,40921,OPTIDX,BANKNIFTY,1386340200,4420000,PE
C,8,40927,OPTIDX,BANKNIFTY,1386340200,4440000,PE
C,8,40940,OPTIDX,BANKNIFTY,1386340200,4460000,PE
C,8,40977,OPTIDX,BANKNIFTY,1386340200,4480000,PE
C,8,41012,OPTIDX,BANKNIFTY,1386340200,4500000,PE
C,8,41027,OPTIDX,BANKNIFTY,1386340200,4520000,PE
C,8,41034,OPTIDX,BANKNIFTY,1386340200,4540000,PE
C,8,41039,OPTIDX,BANKNIFTY,1386340200,4560000,PE
C,8,41046,OPTIDX,BANKNIFTY,1386340200,4580000,PE
C,8,41052,OPTIDX,BANKNIFTY,1386340200,4600000,PE
C,8,41060,OPTIDX,BANKNIFTY,1386340200,4620000,PE
C,8,41064,OPTIDX,BANKNIFTY,1386340200,4640000,PE
C,8,41068,OPTIDX,BANKNIFTY,1386340200,4660000,PE
C,8,41080,OPTIDX,BANKNIFTY,1386340200,4680000,PE
C,8,41125,OPTIDX,BANKNIFTY,1386340200,4700000,PE
C,8,41140,OPTIDX,BANKNIFTY,1386340200,4720000,PE
C,8,41165,OPTIDX,BANKNIFTY,1386340200,4740000,PE
C,8,41184,OPTIDX,BANKNIFTY,1386340200,4760000,PE
C,8,41214,OPTIDX,BANKNIFTY,1386340200,4800000,PE
C,8,41228,OPTIDX,BANKNIFTY,1386340200,4900000,PE
C,8,41232,OPTIDX,BANKNIFTY,1386340200,5000000,PE
C,8,41236,OPTIDX,BANKNIFTY,1386340200,5100000,PE
C,8,41240,OPTIDX,BANKNIFTY,1386340200,5200000,PE
C,8,41278,OPTIDX,BANKNIFTY,1386340200,5300000,PE
C,8,41285,OPTIDX,BANKNIFTY,1386340200,5400000,PE
C,8,45530,OPTIDX,BANKNIFTY,1386340200,4840000,PE
C,8,45548,OPTIDX,BANKNIFTY,1386340200,4860000,PE
